id,pm2_5
id_ihxgrbq8bw,22.692518
id_dg6s4fhiwe,25.562628
id_f7hwwtmuzp,20.721268
id_ioese5awdg,19.917376
id_hdw320zpls,16.022469
id_wnxl0jyxdm,19.90172
id_irr46cfvrz,40.053707
id_l3lg8y1tar,47.27936
id_9bzncgu7ap,10.919232
id_tq8gz80e59,20.398207
id_gouch6j71l,7.452513
id_gvg6pup3v5,23.23039
id_xsyh8m7o0c,14.454343
id_hsr9nym75x,17.86768
id_kk2mprzws5,15.180109
id_zztb716ruj,35.94823
id_nc37c47azq,28.67358
id_aq2zwrpazm,19.827465
id_1if5noe1b4,12.036753
id_9ch9qgghhp,12.045423
id_i8ez1ppqtt,7.7560596
id_1gzede3sx1,11.361446
id_c0cjjirgpf,11.910294
id_y3cgdjsgq1,17.7953
id_hqfk9eb7i3,18.421446
id_heuv8vkjh4,22.848625
id_fcoot945yi,27.3706
id_h4j7gdpygc,24.563173
id_0z5dftxu4p,28.914225
id_0l3lpe7b09,20.128958
id_q51pjcyt8q,22.156918
id_5y5tak334a,34.14038
id_ffpap9n3bi,20.931479
id_wlrkf9c15k,27.99326
id_i2rh9ih3f4,14.94747
id_uqm3krxam7,29.6554
id_3iwa156mvm,29.448133
id_1lz3s1bdxs,40.663017
id_jmqt01idjp,35.67908
id_8gb7nw0rmx,25.091234
id_4xwo0p10w6,24.00297
id_m5bwlzsq1q,31.142607
id_z4d44hh4z0,48.333244
id_pmh6yxhfva,40.20061
id_35d6qsok4a,29.770044
id_77htjr9yc8,24.467749
id_t8vdruehat,61.575813
id_jckj5zjs3u,63.914448
id_iaz7r7qv9z,70.25719
id_uifln55ls5,86.315605
id_d32frejzqm,73.916595
id_exdub9ncvr,99.54323
id_mxkrqowab2,89.08479
id_y8ho5r6i9n,93.48008
id_fiygo06opn,96.85971
id_o3dfdr4sk8,67.40433
id_akv54mqumg,95.367775
id_h24kmkoube,22.413275
id_x3hkwvtuum,12.498848
id_w5yebgnpv0,13.430941
id_0sqrmgfxq8,17.005833
id_af7sxbklj4,6.9193554
id_hv5isckfyd,17.392118
id_ghg0lmyh5v,19.069939
id_wpckthcmjz,13.145401
id_u8j139024n,13.205974
id_1jadvwi51a,11.447622
id_1gm8yzoyli,7.9529276
id_qsbblt5w3q,29.424173
id_51h39wnp4b,15.293063
id_ny5f2xtwmp,16.613632
id_3dhao9xr06,15.414543
id_wwcepeo72q,13.80277
id_aekpxa9j8r,13.868142
id_hlshs2v7p0,10.884915
id_csaw4okqxs,11.679644
id_a57xn6b266,13.873652
id_v6zbdry3ae,21.413488
id_mjgt3wrumc,20.880049
id_rb71ryy76k,23.029911
id_rzzwlgdruk,16.539406
id_bg7hzhz9s5,15.430574
id_9f0xa0vpm0,29.035042
id_x19qug1u9n,24.630646
id_neebsy7lt3,12.755677
id_k5jc67rf2q,15.287041
id_6vw340icrq,19.390568
id_rpzdo2jabq,21.634878
id_3m8w0ho783,12.218619
id_2ziuzg6bnw,14.142176
id_4hps6472o7,11.012575
id_9cb9qenzw7,15.858998
id_6rvd06xnhq,8.572858
id_22gpyw7j4j,12.596334
id_970drtediu,21.474998
id_oec1w7ootb,35.092926
id_7onpirv1s3,15.414688
id_8rt8qfy8h4,13.570144
id_e69vc06bss,23.571495
id_7dv4xh47cy,23.370403
id_vfx2x5hc15,25.725029
id_ljvpa6cdtz,14.064989
id_faa2v5ox7q,18.314798
id_t6xdbl4ne4,8.821955
id_r2fdbsyh1n,18.246836
id_jhwi52u0q3,28.588371
id_55pa9g9m9g,19.947742
id_u347bmckbj,17.020338
id_3ygrfqgttc,18.550537
id_z7heeojpzb,17.597084
id_utgueavnmx,16.81294
id_h2tqqtxe1w,18.030584
id_mrdqqwst7r,10.686336
id_5053tusxc6,10.901741
id_h6t5tbsidc,14.712153
id_4fs05d28s6,23.926508
id_qye7jwpbs8,26.64109
id_um00ew0g1b,17.565205
id_fzvy60mdma,11.646058
id_l7u41q4cr9,15.171022
id_26og4v2wx5,14.2154455
id_b0a1xu6nu0,27.792435
id_xumsw5m3ip,14.2457
id_3ftig6nrpk,15.884333
id_0ejl66y98y,19.648046
id_ph0mqd3qdu,19.68382
id_1j21vhuakg,20.190357
id_9b866t3kcl,14.06844
id_gm3rhu9jak,18.351421
id_vldjdgbudl,15.805282
id_sg9gnw6j9a,20.779697
id_jy6wca6oh6,18.699257
id_lgnofy6syn,12.202094
id_g1j9pxh5yp,21.20501
id_xoh80ei36j,12.940605
id_g4idr9b72i,15.784646
id_b7cn1tm7jw,12.259797
id_3kkfl60mdt,17.6353
id_3cnzembvt2,18.99053
id_qh3hmxe3vl,14.745835
id_dm2ngicucl,12.488737
id_0pj7rbu5pl,11.020231
id_0b7len9grt,13.880215
id_lkjbthp6xi,14.86971
id_msyur8bama,11.381115
id_r6b4lems42,10.998544
id_tdtmvz23p5,16.637133
id_ucg35myewu,17.550205
id_cpu27o1708,17.306227
id_8g3bfwtmtc,15.456297
id_lvwrewueod,12.769657
id_vjr52dclmq,19.348848
id_74lpfoxs1u,13.534157
id_51ipsqq6fi,14.416501
id_rgv5vz1wi7,11.680706
id_xukt8h1854,11.219637
id_pvjuaozpis,11.375484
id_dpstb14com,18.849354
id_hfo34xjax3,17.434582
id_1xcm67i57m,14.91147
id_5w78ao9f51,14.885867
id_wjwp5bnl95,11.224218
id_q29d5fhap5,25.886055
id_stpxgfh6at,13.963265
id_lp5fau1v5t,13.364822
id_7oxqpk7s41,13.937844
id_4dnmn33ra3,13.557675
id_vxnrc9eyhk,10.23287
id_ysrrbwixap,12.247884
id_yhfx1lpevn,21.914417
id_c6a44pvjv8,12.513122
id_s9f3ml14cj,15.56653
id_d0w9c0xp76,13.820314
id_a9fbexs6qf,12.263466
id_9wzfhpw4et,7.615751
id_ryi27ogtvv,14.096501
id_l4fl7gcf91,15.561409
id_tkvbxrgren,18.284956
id_1wkfcd4q6t,20.9848
id_mc88pd2apf,9.257647
id_00iv2sgwb9,13.688552
id_e7lfbanu92,7.852586
id_1mdkr0dgz1,9.463209
id_evzlq1bdq7,13.523888
id_0fzcmep80p,14.531842
id_dwd9xbd5ep,13.218089
id_845jje9evg,12.0008335
id_cbrgljomk4,9.5338
id_xadne3g2dw,12.369906
id_fdlsm6mg2z,14.016691
id_r1w2mcb346,13.3141775
id_1c24ja9jag,13.832636
id_h1v0nwz453,12.736477
id_igvjbr17my,15.874723
id_isnin8oj7j,14.241906
id_lts441t4ge,13.490347
id_7k86unkgbf,21.46702
id_xs2ivx2taa,19.37462
id_t8pxhu1lko,26.646624
id_cncxlihk4l,6.461109
id_u3n972yugw,12.1417465
id_5dtltk9ol8,16.669199
id_2d4xbl322n,19.160692
id_6ayd3hz9lc,10.693718
id_fhedgc4ogi,11.954298
id_je6xyskvqt,43.753796
id_uqplr7i3e8,28.200628
id_p2mep9skjf,15.657024
id_klmztpbnj0,20.90129
id_w8masqptnv,17.457323
id_uqe5p1fz8i,16.03771
id_vdcliffox0,9.38785
id_suphbrot9x,19.34752
id_qsl9hh9hbt,18.36853
id_yorywxet0a,17.780289
id_9rhbkh8kye,15.908503
id_oh2pg7ik9m,18.038998
id_u5xtrnbshq,16.851252
id_pfcdhqpggy,15.086956
id_rsbolu1d8s,19.230127
id_1o41vsdb40,50.641438
id_bthds7exkp,46.978554
id_u2lx4hcr19,13.079944
id_vt2seycroc,37.432926
id_ev3xsimi3e,7.022632
id_8wsnxwqlaw,26.620537
id_jhks2agjzh,8.811744
id_abc042gxa9,22.808935
id_t39ajz3mpo,25.40339
id_7l7bqpd71y,37.439995
id_k9uhbcg8zv,20.465223
id_kf067ifyeu,14.552697
id_6axl9l8y0y,17.545115
id_fknkdrl6fy,15.571726
id_8gmporna5z,7.034537
id_a4bmoty06e,8.712421
id_czo0d13gtz,14.500623
id_co7jt5xego,13.028645
id_2x6lo1wgko,20.615435
id_9wjap2et51,40.33919
id_c7mps6h2ft,24.629631
id_j8yje9gqi8,25.986042
id_vju59tgxzh,22.32325
id_8lap7ve7md,13.215691
id_pvs9bs83s2,33.754932
id_qdivis4t0b,24.540127
id_6ihg5rmjar,26.899942
id_enahmr353n,15.373851
id_m5la6rz5vl,29.847801
id_lyc6fznfhn,30.006144
id_u15ftwfcl7,45.749542
id_mjaugtu77u,36.924385
id_h1bl0y44h5,172.69511
id_ixfnpr6f21,35.200275
id_37e3n0alew,29.752632
id_mj9599i7yu,50.38972
id_aq1df4iqdu,42.370277
id_2e5mcgpio6,23.590986
id_o99bic4pl9,36.88265
id_wee03f0g34,62.7304
id_ebyp7dsb2j,69.25054
id_xrw2te1q07,69.91051
id_e1pr3nswl9,79.77707
id_20jn6yzhpi,68.67796
id_ef9regkoel,87.16782
id_ja9p3oi1ln,89.04268
id_u4t0meqqix,88.58261
id_ha9378tgsl,95.652275
id_sm9fmjwje3,68.14101
id_pq1s2kq7qs,100.20614
id_zcw88t7w9n,17.457182
id_9gqyxg4fuy,19.64908
id_jlbv1pe7mw,16.851252
id_nqkrnumlsr,18.82278
id_vwov477zro,18.805336
id_k8t4robso6,36.467422
id_9574e2s4iv,44.183018
id_g6sz61x3ui,27.424284
id_65fdu115yz,10.7021475
id_jvvhzyikro,20.48292
id_mjtm49jd0e,35.12251
id_qisen8bs9m,26.611517
id_4qcwh32n38,14.525559
id_a1jgk8addq,15.738676
id_eoh9eceljc,15.087761
id_c9l6rfivhx,14.028474
id_ity62l2ixr,13.780602
id_b1kdt1v6wk,14.500623
id_31slek226d,12.625926
id_r5hynclox4,19.775105
id_1zdag4te8b,29.85945
id_9cji7mh5kx,24.231667
id_pgt8lf7tci,26.96892
id_9xwjmedzm3,24.375814
id_qmng1j2b5t,18.941648
id_lsjhv6dlig,33.59206
id_5ei28dib31,19.059313
id_djt23iw3mp,29.572336
id_m9oojav91p,18.25342
id_oivxgblcp2,30.006144
id_0kdvltw7vu,19.267792
id_6w4ajmwc5u,23.9525
id_urkooowq9s,28.168905
id_zj9z4qj012,52.776054
id_8ziogga8ul,43.186317
id_3p9o92k0y8,17.984491
id_nys5746v2q,31.933113
id_lfeylugwfg,63.976215
id_doohdtcpi0,66.69171
id_gvsxbrs2ay,69.91051
id_tazjayaiyz,68.22736
id_zrpmkxoezw,68.24089
id_sqmq0975df,85.64317
id_6lcd3eygj3,91.91458
id_7rpimassqp,90.87777
id_63ls321ztz,102.60733
id_tkciymn5hs,64.94014
id_kasmldlvq9,94.178696
id_vlpyl2jer5,54.534615
id_5qffgu5u3n,66.40118
id_j988bph6z4,34.319893
id_ws4odrtze8,62.14532
id_wtahd5vwwm,57.190235
id_07q159o6c5,64.72063
id_zuwn8cdmpg,32.08702
id_h18pxnwgaz,27.882624
id_crcf47qz6r,16.236025
id_s0472tpnvf,16.230204
id_4x8344brzc,24.487894
id_f3th0516p2,19.925373
id_rq698snr9f,8.749374
id_bqumy9109l,15.731825
id_sa87ndj19i,16.209414
id_l50a8gf4z2,28.87228
id_d22097x7wg,13.559861
id_o0l24mamhf,12.13842
id_u0tbd0ho1d,16.420504
id_jh9oqt4r06,17.604053
id_s5qjht01ct,14.651473
id_9jvayvxhsb,13.095692
id_2ktyalo4fo,16.70551
id_yytme869mp,18.379969
id_qjy6t0mvby,29.35978
id_vqx1ryf2ik,20.996986
id_xlf2632glg,17.949154
id_9ryn26zoyf,18.982985
id_0bhupilpq3,15.695779
id_3oog4p81et,22.489862
id_7pwsq2822m,8.158851
id_xco3eq9ewy,10.967182
id_86pol7d8z8,26.196293
id_4hq1smw4qm,13.608572
id_mwm43tu1lt,19.803253
id_egnnmgvz1t,12.655138
id_ql3nhnzgo7,13.721254
id_6yei7c05s5,10.087127
id_37ncimqtl1,18.62942
id_faigrj26mv,15.503585
id_b8gmnur08k,12.622732
id_uhkuycqlqg,12.1943245
id_hda4qbl82l,17.75937
id_l81zesfyi6,17.602978
id_8fw0qddr4t,19.406504
id_3swlrvxi7m,16.703167
id_2iq9tbz4bu,14.375371
id_l3hzf7xam7,24.148264
id_7yfs7z6re5,15.07709
id_3qj7edycff,17.121235
id_zz66kjwki8,15.15567
id_836ugfrmfn,12.980958
id_i7eew37mck,10.9612
id_bxqgoacauj,13.956533
id_0804vchmvm,9.475999
id_o41hevo885,14.544148
id_55ynsd7iob,15.574765
id_xmnors3b2p,9.024657
id_i0vim21vyr,14.988568
id_9q4vgsr3t8,4.822293
id_nzvtf8mk2z,16.440165
id_qxhc5b04ve,15.320969
id_bmoknxippd,9.351793
id_y7pq8dp4ut,11.670266
id_7ibql8i2hn,12.327974
id_tbkdhkji8c,12.549882
id_2xvazzddgt,10.999314
id_vo6tjecx2y,19.99004
id_td1i5lcg9k,13.450359
id_ruc95ajmux,7.7558384
id_a0at61dzen,9.906113
id_0zn9uivt40,11.301226
id_qlx50d8vx2,12.453389
id_u6z7b5cbh4,5.90819
id_qruu4eejyy,13.685406
id_9vwonnifzw,11.552497
id_0lnfawjnjk,16.059452
id_31uzu5wcsr,11.451364
id_uzija37zrh,14.160734
id_z6s5np5auh,9.668199
id_p084kqcwjo,9.392164
id_qvm8ttfb1f,11.503557
id_yzoxe0nplf,14.849013
id_n95r9k6tql,11.707396
id_i6gb7eojjd,11.8293295
id_rj99alu30y,16.480314
id_qlb79248k0,26.646624
id_5gr1418j07,8.280858
id_mvspb7k941,12.638953
id_w5jw7d4cs6,19.698175
id_ksu34mhpjr,18.34313
id_rwz1uudt8t,45.58632
id_q22kldhur3,45.157387
id_2ax9dk8j9y,27.717619
id_tld5diafyf,14.783168
id_do4asz4s0g,15.032934
id_3alewcubl0,45.269062
id_8zu910kppu,20.547712
id_1s9nyk6u7a,12.993041
id_l88880p40e,17.769081
id_hr17wz72sy,16.677584
id_cjj6ks4lan,22.187155
id_16wvcdazgi,22.413275
id_iq6jofmcl3,9.431378
id_tdu0u91xwk,15.143591
id_62jccue0vl,10.347631
id_3sef84eg2u,7.5646267
id_w0f6u87fds,15.2717085
id_jwcwkcbb4n,11.659174
id_sipbb762jx,12.923539
id_pw524o2hj4,11.000608
id_qlj4brmgs2,14.656138
id_6fw4q0j9so,12.161002
id_squdps1yn8,10.637875
id_92ijbpy5c7,13.868142
id_5mdgs1tb11,12.022119
id_pq77lq5wej,13.829274
id_46mfsuetx3,14.083543
id_l66xs53vq0,22.479765
id_edk0v1a8wn,19.93395
id_nztzaid365,13.097532
id_1k9uqfcnfq,27.28283
id_5rcti4kobf,17.191359
id_al1l3ahw7b,12.969287
id_3f3rzgujod,20.568981
id_fr4pynhbb8,15.014373
id_rnuqsg891b,15.627561
id_3qw0q1r8qa,6.8665814
id_o84bqle0x6,10.902274
id_han5yb04s9,15.891951
id_n7pgevpqei,14.892587
id_j0aw1xyk9t,18.548513
id_xpcbsjawvs,19.751488
id_y8vz7smn74,21.392925
id_xtbriixm7z,13.46545
id_l47atvid60,11.763936
id_gqpbs3ql9v,23.137455
id_mohvibrck6,17.015118
id_m2e2vhsgc5,14.050307
id_6q2dw9x7y4,16.858078
id_r8hora5q1m,19.350033
id_chvslqlmkj,18.418531
id_z8b1es3pzh,10.569262
id_crc6ejtto8,37.553528
id_4hw7jthh0g,10.63817
id_rtp2qosss7,12.986361
id_2keurz29m5,18.986174
id_5f0tzdcdu0,14.678913
id_6g5cbmuktq,13.609822
id_njm4qcclts,10.574196
id_t8gjwi01yc,14.587967
id_dfcidlgn6x,15.474429
id_f7whsdcam5,19.400467
id_hga8rjdes3,14.523337
id_32z89yhhic,15.065997
id_pza69wztdl,13.708785
id_ndfihwmpp8,12.122725
id_v6uj9ttsd9,14.863155
id_qi267vxsvl,16.113564
id_oezislbogz,13.729779
id_yzmptlwk5v,12.959183
id_1wgvveqkxt,9.235727
id_hyunf795m9,12.434142
id_9vmusmwa1w,14.573672
id_7set4vt1jc,12.875662
id_xsuqw4qhef,9.615245
id_5rb2kj08fr,8.08758
id_hub405wg5o,14.645875
id_1dl4uombn1,19.150497
id_0m5pjvhhts,14.527137
id_wh6a14b72u,45.10673
id_2gcokul8h5,34.542866
id_ju5045k8te,34.464188
id_lx8g1rejy7,60.452232
id_xdcw1447i6,42.21915
id_c530clrtlp,34.610752
id_7bmurid7pw,37.336094
id_z2s38nz9hk,55.067013
id_18o8y735s3,8.873197
id_wcox1ibc1u,15.741655
id_8mteyw4ej2,23.02838
id_yhr9822dsa,18.766005
id_kx6r0n5p65,17.633587
id_yll8ps5xps,27.30512
id_2ss6w9mkjs,21.356886
id_dywpbbt1rz,14.133429
id_2sovq337ib,21.05959
id_hl6vkdm5f3,20.185184
id_7rweve2gtx,25.62241
id_qenwsj9ypf,15.827921
id_7tr958twwi,25.408222
id_4pss24du4u,19.949535
id_pvxshz55hm,26.770721
id_hwn7gj0gnq,17.147272
id_34w3aboagp,13.0069275
id_slzxbjxpdd,18.254156
id_s9fvyed2xl,13.932648
id_ojo4ns7rvu,24.7467
id_oukj9m9l5u,19.21749
id_4dncovxwgl,17.27898
id_lhn0wnsi4q,21.212122
id_8qzxmyj6yo,24.776133
id_2st0ywh4w4,22.835108
id_32luqy63su,33.44392
id_oew67rrlis,10.280073
id_byzy2benp0,15.741655
id_16qarvdtx3,16.47943
id_uxi3qu4l8e,17.664633
id_vy83bxfo5s,17.963175
id_z7ibc788zq,27.30512
id_kbkbgy18jq,17.302303
id_4zn86s4tbi,14.133429
id_evx591r7y6,21.05959
id_g6ojnnx069,20.185184
id_7zixl3q2bq,25.62241
id_0d9a1agg6b,15.827921
id_3xt09a0de5,25.408222
id_jbhh44km3c,28.991192
id_5k2iegwee6,26.645079
id_gibzm0hke2,17.147272
id_zl5phiqojd,11.940801
id_c15wxxvb75,16.474743
id_dau6fb0sfx,13.932648
id_z9dk6h8cfb,24.7467
id_uvaqu4nzmb,24.05513
id_qpglm1d719,19.220858
id_ct64dm03s8,18.26525
id_is4l5fwjuv,24.627493
id_vh0bwrobbe,21.9306
id_b0mjh0b71o,32.67046
id_0bpne8ucld,19.606285
id_kvvjrrryc4,33.361134
id_n5ybzqzepc,24.319984
id_jaimxbu1pd,23.278677
id_0l0w0orygd,22.151274
id_lv55afmf77,22.523117
id_9mfp6fw6w6,11.074878
id_tafpzgg3t4,14.010624
id_tiipv7kgu2,15.325875
id_kwiv66i7i5,25.389551
id_nl69sct7fu,22.346706
id_l74jt76ryc,19.494186
id_bxgj47nybk,17.764568
id_923xwmt66s,18.793661
id_aq97mswwiv,22.39783
id_4vrb5vlcz7,26.73266
id_xayf6v05hn,24.32843
id_8pk1rf7oxo,20.333015
id_sq8128da6u,19.83205
id_8ihfuq3i8d,55.69193
id_87jd29uf6p,22.96813
id_4xpx2dt8ki,28.92502
id_hqpr9h9axr,16.324091
id_1k55ze4pps,19.260878
id_2znei70wfr,19.455048
id_9hhcbap87f,19.591469
id_hey12d7qim,24.473673
id_lh2vl46a2o,31.013115
id_yr2wo25x72,20.599993
id_t52himkovl,15.80381
id_7tvjar0eff,19.337774
id_i208pdedfj,19.50696
id_d77mj6yxxd,22.46939
id_jh49madd8v,21.745522
id_cz441c0g6w,26.63884
id_l9egn04p70,28.766912
id_aof0geeadz,43.751305
id_l14us4afx1,47.011482
id_cyjw5nlwm3,46.82582
id_gzuqpix1lm,42.318413
id_z09r8zdwpl,10.337275
id_avet97ghyy,15.741655
id_8xxxnyrpzm,22.902416
id_5mzgmww3um,18.21144
id_8vxge8fi9v,17.997677
id_jnw9eiv9ni,27.30512
id_gaui5cuwn7,21.356886
id_bk4agfxg5e,14.133429
id_5si10x4q6c,20.358948
id_e9emj2d53x,20.390978
id_9llllv5i9s,25.62241
id_mndm12zy06,15.827921
id_2pxml96i79,25.408222
id_oi59maxbit,19.017195
id_tf7klyuj5c,25.888338
id_jf1h95hidf,19.339314
id_4njytufcfi,13.0069275
id_2zbs60m1hv,18.254156
id_kbe0e397n3,15.630059
id_attl7s5eit,25.183088
id_jyqg51mks7,28.425976
id_yvtlt4qsb5,19.929785
id_ququ54p5qn,23.764284
id_b3olj60ip0,24.776133
id_ucm77r7n42,22.679676
id_i94hu4l2he,33.44392
id_sem18a4eih,19.648746
id_iu4c2k0vqm,34.97043
id_jez7q9vvpv,23.573418
id_0g0h5fvenr,13.067382
id_leyce5nz7b,15.349485
id_ctiuipzphp,22.33037
id_1uq7qu2no8,11.074878
id_ag7p6aauq3,14.579924
id_4v2gdi94ys,17.95958
id_oiz391vhbb,24.829002
id_dkh1dm7jv5,22.346706
id_xp48k28xsx,19.494186
id_8hzzltjopy,17.674458
id_jxwkemji67,18.67987
id_9e6zoef7pb,20.64383
id_kw3reqh73r,26.73266
id_i3soe2f356,24.32843
id_s3sjs08z01,16.787413
id_wgstp1qsjl,19.554523
id_c79996j5ij,55.69193
id_xyptp35mvl,23.09441
id_psuhom729k,26.916218
id_pow9jv5ucp,16.258526
id_6wvbbh34gm,20.009438
id_dt7c3hug70,20.286705
id_j5p89q7hag,19.979961
id_kc953hqc6u,25.104612
id_lc6edh3b2s,31.013115
id_9spkaqz73s,49.811844
id_3htqh6ssl4,18.848398
id_zc1ovm5htd,16.71587
id_w7wwg1utwa,33.81436
id_25epdpbix4,23.344679
id_vs0hncomou,19.831514
id_reegezw0zr,14.461554
id_f6x16pl89y,19.502111
id_9a8jkl3m2r,22.147041
id_hoz5wrgxox,23.265232
id_5ziz8chtiw,19.0485
id_l1g99w61j0,14.638328
id_40onwzmie5,18.613108
id_wplsrqbqg1,17.192665
id_8zk238knxs,13.752684
id_0u52beiaqr,16.428843
id_g8dmi5cj2u,17.092083
id_qvb2pi3nbx,18.011932
id_9ocs33mybq,16.790468
id_le65pdwgzs,14.239953
id_kj6oinfm9j,13.303533
id_tiqxiw34y0,22.708809
id_j5q5ukj913,18.018164
id_wfsqr784ue,15.127453
id_19yb602oya,12.37096
id_p5abbz6sni,50.860683
id_sj35fk9ewl,14.582962
id_asczdnpq0c,16.348143
id_bcoprnh1dh,14.98382
id_4hnps4a19v,17.20637
id_slby4mvn69,10.45876
id_fdcwmf2mqw,15.987189
id_pc2ol1dymd,14.497006
id_72hn9xr2mt,15.836942
id_ooylyenf74,19.000267
id_7c0tvcd4mf,12.773878
id_vo7qco3vo4,15.13932
id_tyda8qzu9y,14.973395
id_qjo74p50vb,10.378487
id_qftdjlnuxo,16.329792
id_8zkhvf7knd,16.45982
id_zjdfiws1ze,15.486575
id_km0396cm8u,17.679186
id_0zb66667qv,20.084465
id_xkul5db55f,19.22406
id_0882wi4vll,22.703737
id_vyjoukh7a3,15.390562
id_mgzj7k2c88,19.180092
id_mj68hapwjy,12.762742
id_4k7w1huz70,20.318798
id_cc5r73bssv,15.487114
id_lpc3qqqc79,15.6988945
id_dgd25e5l5n,19.5078
id_2u5h8ssj8f,15.876688
id_qekvi0qhbi,21.697798
id_7t5rwbvncv,24.129002
id_wip1lfenhd,19.337774
id_fz1zlhsz58,19.50696
id_fzhszn9qgh,23.448637
id_drhboq2o8f,21.992575
id_67f2qgxjr4,26.63884
id_c9jyqp5ts3,32.618137
id_o5nsm6bufm,14.8558
id_fliahadafe,21.58676
id_ljzcxva3j0,26.365858
id_4fg7od0p2h,25.396385
id_r0bgionrrx,21.67321
id_5mrclq7yja,19.502361
id_v6ji6xpykj,26.320648
id_gzxccfruiy,24.602312
id_rch18sl7fq,47.13618
id_dycgsa1kum,29.161995
id_dh2z6cu6bu,17.91564
id_b3ij5seund,39.960636
id_tziu881h86,43.18417
id_321qju313s,20.255024
id_dngcm1ubxs,25.93372
id_vu0rtf6isv,30.594584
id_tzfx3hbsak,28.06814
id_rhg9ghnbc2,40.307953
id_9hkqfrhrxo,42.37719
id_1s9fc94wwm,63.863655
id_6l0a121qin,52.651657
id_iblicy6lwk,49.39915
id_galqj45a9w,58.537144
id_1dg8zj0o7z,56.211758
id_9x63i9uu20,47.70748
id_n4mgwkvcyo,47.844315
id_h9o1enzmn6,42.318413
id_4utcad6z0z,22.413275
id_faw7vd63nz,11.8571205
id_bfmddpm7dk,9.017228
id_zsn1j1j2ex,17.392118
id_hnknralqvw,11.026388
id_j3s4dhvwvf,13.192816
id_nb9skm42eu,29.424173
id_e30vibg2cr,11.878153
id_hr07rxuwnk,15.487256
id_cckgjin8j4,14.913169
id_1igqyragk7,16.166325
id_pbbqks4896,12.869572
id_yglxjnnnmd,14.317392
id_akkkm90ju3,23.60147
id_pnw5qxgci5,18.004728
id_ed8b146zq4,16.813946
id_dog1qrt65n,7.564757
id_4iko2mf9m1,16.158003
id_tf16irhnxj,26.809597
id_z8dbvb7mld,24.630646
id_hjojye2bnc,12.243747
id_e74fkffny9,17.670689
id_96r4h4wquw,16.899036
id_n8zuiv730d,12.805622
id_q9sf7h6id3,38.75814
id_1ahz3wcpza,28.675278
id_bij6rb0yyc,13.834963
id_rj67797cdl,11.186861
id_nfgy5cs3i7,20.404709
id_2gg9612372,28.74779
id_rd2ycsqjqu,19.947742
id_yhyq4hrrvo,16.238829
id_cugq7k2136,17.734304
id_6ztrbzwf74,16.81294
id_b3864dngn9,18.748802
id_fslinj6lsz,10.686336
id_nr59rjq353,11.646058
id_f937o9uhz5,14.2154455
id_pdm9hc9akh,21.444906
id_hlaacmpdc2,21.20501
id_43l5b3qppy,16.27831
id_nhboyjouon,13.752076
id_e9tjlmzofe,27.196243
id_uep5kutr80,21.991945
id_xdu2qkcn9o,12.067292
id_7xqj2zy62f,12.065651
id_d3txp6ww71,16.218346
id_kpr41h1gl2,14.8333845
id_eeu9sw0k2s,13.512673
id_c20q8ikv7t,16.863031
id_g8oqjuggsz,20.613148
id_2nq4naxlui,15.456297
id_qny2l3j2li,13.534157
id_vvea9k8tgz,16.246334
id_t009are3zm,10.754415
id_uzuka63dnk,12.915847
id_rkhciqi5gp,14.923261
id_9qs0u03sne,15.143068
id_beoswwa1jg,14.885867
id_6yzetfd0jr,10.846778
id_ip144xmrio,16.296686
id_y1jzpsul42,12.788445
id_irudkpu9cg,15.696292
id_43ve2f04z8,13.688552
id_4gby11apzd,7.852586
id_brzm1fa82q,2.8984787
id_cikkzszzmw,13.523888
id_93uc5zchkn,16.34904
id_n6z1o0dpy1,15.659382
id_r9li959sxm,12.775504
id_om1wxt4lrr,11.628653
id_kj1k62c4hk,12.369906
id_x9m9yvh87r,13.291557
id_xraq80851o,16.084581
id_hs3bu1nmse,11.266691
id_w183sk05qy,12.736477
id_ctdw7mpo2o,14.218101
id_ycnd040s0i,14.241906
id_bhghd6qnsh,16.139297
id_yly1mkkcmj,13.587073
id_bhcer2s6k1,10.863638
id_ts9g0trocv,20.09687
id_1qto62qavh,26.646624
id_0wajzy8ts6,6.461109
id_wpu97wbqk7,11.983284
id_zmyx8uismd,19.408699
id_nlxvai48i7,19.225224
id_dkdt1jrmsn,43.677177
id_8kq3got9a1,10.933744
id_lr3rz1e86g,45.157387
id_6kzxrawpey,31.432905
id_xwyw71ldzx,13.709272
id_kkivrvc6dv,19.499205
id_94wuxmw8rb,21.758692
id_3q8sdy56bq,20.547712
id_oc2m0zmgnw,30.565037
id_pwx9pelurg,13.29181
id_acjbfx8dti,17.339417
id_eum8a3klcq,22.187155
id_444jxq8ki8,18.477873
id_fokwurehqu,18.75638
id_20s8fncc9t,15.537509
id_ifa0c3dcm4,28.196774
id_bl23vucby8,21.356886
id_o1949nqyfa,20.652237
id_y3f4c5fs4z,20.11123
id_kdox62iiap,25.408222
id_r8f5l77m7z,16.159693
id_6xieqd6sjk,27.981892
id_g3poszpaqe,19.170174
id_tv3dx937tm,13.239106
id_kufhei9qi0,18.254156
id_6xvj9dnlf9,14.253308
id_977w9neez7,26.329077
id_74zzcs47si,16.936289
id_dkzrsecwur,13.0485
id_fzaay03gtj,16.874413
id_2qlkll1nti,21.630173
id_dkxo29nkhe,22.835108
id_8z4hu1lzg6,12.705599
id_bketz8ikkp,18.891294
id_qbn6ng2ro0,35.191
id_pa1p75uuos,27.367785
id_hgfifx9q4q,12.513151
id_kqxhxu0vxw,21.287928
id_eso5h6en02,18.26955
id_tcnlwhm6by,11.074878
id_2jgdesoznn,18.201899
id_q1prt1nt1v,20.901985
id_bpey1bdu4z,17.89936
id_0f17xoy417,17.559767
id_benw0ms5bl,17.674458
id_ovvvd62h5n,17.94101
id_8w0x0v8vc8,19.81793
id_sr7nmu5cq5,26.437298
id_uz69dxquyc,23.255978
id_058qup1czp,28.358646
id_9xdm5pzodn,19.554523
id_9xiabniu8d,55.69193
id_e8ov3f0ec6,26.585094
id_ztov1dasd7,17.35773
id_u0dv0t4gc6,19.040483
id_vaexseqp4z,19.769419
id_5e4jtn2k5u,18.443216
id_g1f5h70z60,13.861687
id_ei0npa3d51,17.251913
id_w73v97w9dd,18.242046
id_d01h6zb0k7,15.697006
id_hajvhq9a9k,22.32633
id_wfej53asol,24.373407
id_wkxp2kkhas,18.285255
id_4nx3hdlk3f,14.593257
id_tvruaym3ou,22.596163
id_mdja9rpbvi,24.125816
id_v3lg566peh,22.032812
id_5a7one1voe,15.606402
id_uzwhiiojkc,18.302584
id_13zxbv2bo6,18.86113
id_ex6nijku46,15.803944
id_7dpkk65nit,17.109632
id_g3bd1hun07,20.429033
id_suwhca6van,16.11301
id_nxc1tmyyss,19.951067
id_eikgi2kr2q,15.557619
id_n4o71g7yok,14.239953
id_mpq671lkla,15.210487
id_k8se7sutpt,30.484756
id_i92idl2arl,19.495739
id_5ingz959i0,15.401636
id_bgw3i6wwpf,16.238472
id_80ixty8tal,19.130436
id_0a4e9fjk97,14.624229
id_lbmmt6ea89,11.734438
id_c3flrt1zuh,14.548722
id_cvs2kktyxu,16.167547
id_7mtozwwc20,10.45876
id_dq086pe2mx,15.987189
id_3oa251xapn,12.769166
id_felfdwexf7,17.937958
id_hxzxzh2uah,13.712896
id_7e9nhjb559,19.144539
id_yjzowwtt3y,15.13932
id_kc77exs6rd,14.973395
id_du9zmbgca2,20.94724
id_j4jhp6ymgs,17.215652
id_m5the81w7o,15.330374
id_1s8k0qheno,26.854343
id_b6q1wkhds2,13.631916
id_cz225gdeoi,19.265491
id_8lkvzskxdi,19.22406
id_t301lndtpe,30.927235
id_uzuzt5hcyv,15.390562
id_6n47hvxwoz,20.970982
id_294fhgybq2,12.762742
id_pvdki2lfbt,21.254559
id_5yosfti35o,15.148975
id_tsf2ykay6m,20.207266
id_pddkles1x0,19.145878
id_ypzvugg3as,18.41242
id_ol8i7nv30f,23.23202
id_md132uwbf7,21.730064
id_b2y24168l7,20.22916
id_4yvwmu8cxe,22.904802
id_tmy3b6ts38,20.344841
id_cbq3vn3m3o,24.342606
id_a8umfjb1ge,26.864918
id_8oqx4hgwe7,17.434952
id_y5f8v3s580,20.381983
id_6kf89wa993,28.430222
id_h7yzht6wq0,23.757126
id_95brnbo0jo,20.762604
id_4hb5judkxv,20.646313
id_xun5oyhgjo,28.2664
id_kckpnat31g,24.602312
id_otccfrhvvi,41.89371
id_jn6u5c5cjp,41.946106
id_v933ue7kf5,20.058289
id_mc2i376rld,37.199078
id_9r05mz0idm,45.976715
id_3wfdiqgoxw,20.014961
id_c1n58uu252,23.82001
id_7p5lepxj6a,38.037968
id_lrkr587gkp,26.72035
id_kvnb8ekvum,36.43881
id_mqv32adp5x,43.900364
id_20korskh6j,57.116837
id_78f1la773c,34.623806
id_9jtdzf7kcs,44.517902
id_52juzapqcw,59.14161
id_li4wcjkc21,56.646954
id_bwle5dl0sg,48.295784
id_7jqcpniwxn,31.311226
id_5jbtohx3rn,42.318413
id_odokt2hr7x,17.332703
id_kw3winhwi7,15.510629
id_jj9rbh612v,24.276781
id_26j0qg7uea,16.30569
id_ycnpcmmjh1,10.829614
id_7vaqpmlhsv,15.731825
id_c9cup5eoxe,15.537191
id_rxl64ozpc8,16.076756
id_wlrwnnkbc4,10.841679
id_5v07yr6kc5,18.559011
id_twzj5jj66k,13.414582
id_72mxu4su0c,28.69709
id_c25uc85sjo,21.443432
id_ouv903vao3,12.213479
id_zyln20zouy,25.012287
id_gl5zw040r9,14.328861
id_g8wutb862i,19.803253
id_s8gpkg7qj6,16.596329
id_rmsthvc1sd,14.990217
id_ke99qjo5z4,13.044366
id_77oq3gka82,16.703167
id_d4rug7fs73,16.246334
id_0q4rgwhh5j,12.980958
id_6a84c2y7xm,10.7679405
id_6q6h59e1he,15.575047
id_dv8a63xtc0,14.433161
id_27ono5yevj,9.475999
id_v2r3sg9n1j,9.383963
id_3p8yrwj992,14.491117
id_wk8q5ydpwc,10.584522
id_xddq8x5dw6,7.7558384
id_sharv68cbo,9.085659
id_98fux0thhz,11.301226
id_ago3payk3b,12.453389
id_2bmny3x2l9,8.274878
id_br2ieejs8c,12.8272295
id_weseav1xhv,11.65693
id_qwf1i3cj7r,10.84967
id_4fdnb4eyjk,11.366686
id_khcy0c8nrh,15.906817
id_kjsl8ka1vy,11.950903
id_1s4emym39i,12.736477
id_cfswxplen7,14.411643
id_ri3sgqw5vk,14.849013
id_w8xmcsup55,11.707396
id_oskrymtnrz,11.869615
id_a5nzunklam,20.985703
id_okj6k5qcws,26.646624
id_ja07tx0n94,7.098177
id_1cu5omuey9,12.638953
id_ph274c2i2p,18.637098
id_sx300bfhv2,18.34313
id_xlkeen4coj,45.58632
id_bhdjsv4g5r,10.933744
id_doxq14mqw3,45.157387
id_fbog8w5ysl,24.546774
id_nf1gsgtgns,13.886958
id_10f0mij1yf,20.209246
id_m5e0u3d68x,19.301928
id_x6l5iwtgrd,20.547712
id_eyx4q4fnev,12.993041
id_4lfxjvfjkw,13.830608
id_32u710vh61,16.187067
id_zsw4618nnl,22.187155
id_tzdmb15txs,18.478031
id_6ngwi1vl1h,13.790319
id_cqm8i6ol8g,16.841566
id_l7eneup5t0,15.59556
id_sfbjw9ec2z,12.751174
id_j7jqrbwmi0,13.555483
id_wwdzrwgr58,15.540958
id_kk82r8fpuh,9.803771
id_wat59la3q6,10.357805
id_xhxsyxysbf,22.452364
id_actuxo4gmq,17.380774
id_6qitjn8c8r,20.98322
id_jdquy1lxet,19.43147
id_g5325vgzzt,8.290351
id_c4zrpwzc4a,19.31714
id_t5anmg4v7v,17.00908
id_9af0ydgl1s,14.1514015
id_9wwxdbqekl,17.033484
id_dtzemr8b33,22.331776
id_qye7rb9bbu,24.180365
id_1s38ze4v8w,15.84568
id_1doz4c69ph,17.66771
id_18tg20wg54,22.254915
id_mf6s46v1uw,36.429756
id_krkw3iqkf6,11.636853
id_tcql7qm01y,14.404418
id_czit7flk3p,18.460056
id_67vafahcsb,10.338832
id_ocawwzqkj7,29.2419
id_6hwobiyszp,15.168602
id_3hit2vt54g,13.965125
id_kxjx8xtw71,19.963694
id_ujvrrf4kx0,16.81294
id_p7m9x0qpi5,22.7913
id_b2w6gxhazp,11.344289
id_0glwf1vle0,13.960662
id_h52hj66b1j,12.962693
id_3ykb55avzl,11.646058
id_4140yukx35,13.682481
id_ejschtytb2,22.796259
id_bt8l5o5bpc,16.701424
id_01tyqteuzb,11.62765
id_xxtlit8f06,12.143965
id_neowy957qe,30.158216
id_ld5ad63fk4,21.7237
id_9wphwvxjbh,16.646935
id_bjwf0gk35g,22.394012
id_nk6t94cwcj,17.6353
id_c00v9db3kd,18.52557
id_qljfbbues6,14.262734
id_8l8rdvtd4z,14.262614
id_ucd95ihefb,16.889
id_1h25lc42la,18.41118
id_7rkgygr8my,10.998544
id_qrzcnk9cb7,13.790563
id_3osclzuma1,17.301552
id_j7yo6gfpr7,18.490547
id_m8zu1vzawt,15.193591
id_bjboh76f83,11.498328
id_msmgdqfiqk,11.539004
id_9d9nc0plgr,16.302332
id_fnstzi3enk,8.795113
id_3h9gnh7is5,12.909264
id_ymoxc4wuvj,12.915847
id_diweogvo4x,14.4135685
id_wl3mu9y4pt,17.834677
id_cypiwo10y6,13.077475
id_qh3anhhrlw,10.791176
id_83z9c83r5i,14.709668
id_s1phnl1iyl,21.178627
id_uqoypd8y4s,13.014707
id_e1c84vnzi4,10.166427
id_duvrjwe7j4,14.238209
id_cpaolr5w71,4.2728877
id_0gez5n5up3,13.203531
id_4dxpvc7v0t,13.820314
id_wy3b3kwp1u,11.142122
id_kcz6mx2ftd,13.532238
id_s2azjdfda4,11.082186
id_7zq37bq2m9,14.667904
id_80ps7kboqo,10.594338
id_wdp8cocu50,7.852586
id_gxnloqrtfy,10.687437
id_98zx0ydmal,13.835128
id_ikydapbjg4,19.845306
id_x9csxregb4,15.659382
id_x726sqebnc,13.867163
id_embux96a8d,15.926007
id_n3zi21eakt,12.357069
id_cmzvbp4gp1,13.316645
id_lh42zi0nvd,11.76822
id_lq6ofubnzh,13.594116
id_ak1gmocab7,10.702466
id_j2qbzdu60r,16.435715
id_4s7frhrx0s,11.824772
id_swwnl6ehwx,18.639328
id_0dzgrhmq0i,14.566006
id_bblmv4qbuz,19.177286
id_ns1udfi49f,15.101033
id_3t4mu9h9h8,26.582123
id_np2i3652hs,10.618656
id_0m1hyk0i2t,14.651759
id_47086vwi8b,15.937653
id_w1v8rlefq7,18.484821
id_p24h3f2r8x,30.233475
id_dlxm63a09x,15.4941635
id_ri94vbx6vg,40.80554
id_wi9j0eune9,34.8141
id_0z2yz02gho,14.840235
id_013dywijcw,15.762619
id_whd8ue3507,23.317965
id_wmd6txw3qp,15.677505
id_2uo9nruooa,16.11278
id_cmezkcvthd,11.414189
id_k00w57rr6l,19.34752
id_rm817jen6a,20.086475
id_l2wquc1lyf,12.888738
id_f2ayymfg06,18.894407
id_2xwro4u4ib,17.392118
id_s4gcy5ldea,16.14769
id_llxl5vedjd,10.758256
id_ra9rzjf8cs,11.878153
id_06it7wxay5,15.591411
id_p358wai3ar,13.80277
id_63q6x7rc50,15.337592
id_yrqlregvfr,12.869572
id_6ey2mcbqfl,10.357805
id_xz9gud04ug,21.18304
id_upa56c1xqo,17.102175
id_apci48cec9,18.72377
id_ivaqozbhfz,21.257534
id_5r9lkzxt5l,8.290351
id_q9fyy5hlug,15.224281
id_fia47n8arx,35.092926
id_c8ytbvxreg,15.593914
id_715d169b93,20.062246
id_i41soezu3u,13.581318
id_ghl9lkmkbc,7.8681264
id_jhwg78mhs2,16.447203
id_mbp1opp105,28.74779
id_tpecaex89x,19.947742
id_gkqkcuvhn0,16.238829
id_jl7cx8vnrz,15.654592
id_z22ai1ufxc,20.2045
id_cf9eqd8nio,16.81294
id_4nvfqr7bwz,23.09018
id_styx2evpu7,10.686336
id_r4qfxsd6qk,15.955238
id_6ula6jqx2d,14.895451
id_ab11cvvhj1,31.666126
id_lru4a7apze,27.287224
id_1h8qiqvba3,15.890693
id_jocn99q8x8,11.646058
id_yqd8by9too,15.960875
id_3vo780asu2,14.2154455
id_t8qspqxocv,27.201132
id_fxt49fthrg,14.569881
id_9hsvvxccfs,17.028097
id_mdox4e1wm7,21.612354
id_e0v37gnrdc,17.421713
id_4higx88y8s,18.9834
id_dzdczy4694,14.06844
id_b9cls7es48,17.548954
id_ii1b1vx3v6,15.6572275
id_qjkp2dhlfd,21.132668
id_4tycdb5q0i,22.489862
id_enssz42xj6,12.202094
id_j2lnxkjgor,21.20501
id_d1kz51qzme,16.946716
id_93y706i4uo,18.91955
id_uo33uxmu30,22.722439
id_42uhyp7b1d,17.820423
id_557lj2gncx,18.99053
id_g646xm5v36,14.745835
id_3u2zh5sctj,12.065651
id_88m5txqfk0,13.373141
id_636veo7myp,14.591961
id_mw8i11x4p5,13.751182
id_i01umxhgoi,11.40182
id_7htzho5nfe,10.998544
id_rqvyvvqjjo,16.928432
id_3sw1g6ujkh,17.512157
id_7koyjh6lyz,17.505514
id_h33dmmxmxt,15.456297
id_b4zqx3ey2e,12.769657
id_rigbnum9jj,17.328568
id_hwnk2tvpjh,13.534157
id_3djm31ze2k,17.835209
id_y1b1v2oco9,11.601931
id_uiiqit3mio,11.136626
id_qjv34s9tgs,12.909264
id_mw1dkfs5o5,12.915847
id_zgolsofwkv,14.923261
id_gntve7cvte,15.122335
id_mv1hwwypf2,15.9127865
id_66vowuru12,10.791176
id_718x53xw5l,23.637506
id_y5duq02fcq,15.426846
id_nabflglwpr,16.296686
id_m8gl9o5dbz,12.984095
id_s0yzedmwy0,10.573827
id_n4zpk50eng,10.23287
id_bf0mqyujkg,15.88032
id_db6l9ymytu,12.393232
id_zzhsplt3ae,7.389027
id_gxvybxvz61,14.276668
id_2hrjgfgo5c,13.820314
id_qnvbhvfvfh,9.560068
id_f4j4e8toay,13.532238
id_yh8x8izood,10.904095
id_r9gbkhu2zs,15.005409
id_hzuko4hsbs,11.857608
id_4akcsf7v23,20.9848
id_y4a4bry0za,8.105364
id_juefa18khg,13.686521
id_8pg965n9uh,7.852586
id_c1qncxdk14,-0.2123653
id_fxdpjby57j,13.523888
id_maxuuv6qwy,19.028215
id_hqp1zmq2rl,15.659382
id_7mmcd60iqp,11.7478895
id_5f3qz4huj9,10.058498
id_m6vn47j4ge,12.369906
id_mkyjtq0uj7,13.291557
id_dd1qog5gsu,13.288284
id_yltiy4ct4b,11.715686
id_l7g3rwiyu1,12.736477
id_y0nex8ki95,14.166633
id_trj4ropjy6,14.241906
id_xkfnw0mcvh,18.639328
id_j7zs6cpw42,14.566006
id_o55nqbxkhg,20.545572
id_l3neq81nk8,19.378822
id_ft7ki0jjoc,26.646624
id_1doie955wo,6.426635
id_pap3jy3v7v,12.937136
id_64zbc8ou3g,14.141104
id_1ssvmd37d4,17.976246
id_5i93sdabtx,45.58632
id_5oej7jiuyx,11.227561
id_es0jy27ww2,46.432556
id_ze9u1sfrwl,31.432905
id_3y84kki549,15.20639
id_glm9sjal1a,14.975348
id_kjp8dcqhsa,44.50619
id_2s4n7u9qbe,20.547712
id_57l2n9hbxk,16.078278
id_0rmqw3hqow,12.022112
id_uc46nrbgzu,19.34752
id_zck6gqoy8o,19.745308
id_kmohqwxbue,11.506944
id_dswkvfgg96,13.908818
id_72kefc7g3s,16.196737
id_fsdqdwkhec,7.7062097
id_yaf7kh6asz,15.540381
id_d3xd7t76g8,14.798622
id_ekxnkkalys,11.659174
id_foo1qhnhh4,13.187101
id_4gaub27eaz,11.759808
id_u8ysh8pwg1,7.8294373
id_zwxals7wca,29.424173
id_qs4s1l5v79,14.656138
id_k5fj3oay3x,15.777285
id_3bwp89pu3m,14.678047
id_e9eglkp5vv,14.86184
id_t4qjrlzxns,13.868142
id_kn8xo43og2,14.596081
id_48859izqh3,11.679644
id_9967xanbmk,14.771672
id_eh3ys96anu,22.479765
id_5bgqsh9x4k,21.840042
id_jwouft46is,25.016272
id_3ck9tvimgh,10.777457
id_n6s7duali8,13.96765
id_6kgl1almmg,17.020742
id_gxefptsqvq,29.035042
id_ygnr1sn381,25.193552
id_v3y11kgwad,12.755677
id_q2fgzp3xx3,15.718975
id_s7k292eya7,19.154772
id_jt2rysim4p,19.753937
id_yn9vzuflej,12.218619
id_362cko5nwx,13.914303
id_d9dv3lr4k1,8.692959
id_10un4lyvek,14.550789
id_z0j05634v8,8.656297
id_txhxlogsxn,9.960218
id_18c3488pxk,23.331486
id_la1ypixght,20.444088
id_t9njgxp6v6,13.096573
id_b8yn1i9rx8,10.164343
id_o2y4vg1agv,21.170279
id_fvx3zhir92,27.39085
id_nfj7rfs9a1,8.864887
id_b9q3y3r7t3,14.422176
id_yio3jfuvmy,14.2154455
id_54qfk101o1,27.792435
id_vox6mwiloh,12.388133
id_u1xceey131,16.574804
id_dxpgh1o1t3,19.704094
id_2ujws46vir,19.350033
id_2n7hyhtkrb,21.615923
id_4779bmeme0,14.06844
id_b3eztfwajg,19.165726
id_f33f3mdfla,16.399237
id_xkpq6na5ee,17.728352
id_3ihace1d7c,11.292776
id_z6wylocn17,11.925896
id_pm68i3c3wd,13.401544
id_trjqjao4jd,10.916078
id_1w15d7g4ge,15.695135
id_3aici5cdi6,11.727585
id_kbloxrog5z,18.587566
id_ovmpiycff0,11.090233
id_ly3xdcti5t,15.799986
id_qb0ptrppyi,16.057575
id_wxb5nd3qgd,10.049922
id_1ry1ir7o6d,12.5328865
id_6wbo7y25e7,16.773117
id_tse3bpfaes,11.166338
id_9n988uuhtq,9.162373
id_nzhdqdkc5b,16.637133
id_4gabr5bciq,18.606323
id_dc61oe5crn,17.306227
id_7lbdu1bryj,15.472239
id_mhqk3070i7,13.75281
id_thtyylis4v,19.767862
id_5iiheoohcw,14.22441
id_vjiqa7ykcq,13.690348
id_638vs5aq61,11.680706
id_6cjnt5825x,13.276378
id_534km866kg,15.474429
id_fzkvzetszz,20.501657
id_uwuc9e0lop,18.46478
id_ncfz0o03wc,16.559582
id_1sd88o70w0,14.885867
id_9q3xoxtkc5,8.869997
id_9xf47hwalo,17.98736
id_c9e6k7t8xv,13.963265
id_60hy4zghxo,15.964439
id_vcj2pr28k2,22.207794
id_nik15zq29r,13.729779
id_gbsfx2i90n,10.23287
id_sm9wfzdrfb,21.522532
id_wa0hhql9xd,20.755894
id_xyicbz69wn,12.513122
id_fzfp1gfiyc,14.485625
id_6jd6rh3joo,14.5485115
id_hohuu1719a,8.292404
id_45rgo61j3e,7.0214715
id_x29n2ig0by,14.096501
id_6pqpt4bc2y,15.561409
id_kix768jdnh,18.284956
id_p4u0awuwyi,21.39447
id_5pkc8dc3pp,7.943888
id_o8g3g3fyi1,13.688552
id_gwi1towzf6,6.8206644
id_tl446ky5so,10.390728
id_fv0k1xke9b,13.5000105
id_17qgwq8hor,17.251816
id_h169vb8h8d,12.779522
id_vuv2g91m7z,13.222214
id_o62drksqmp,9.5338
id_uvitqz5bhf,12.061977
id_x1v4xuet0h,12.435766
id_jr4seoen2w,9.863924
id_q1efjaqgq0,13.832636
id_ji3o8np61b,12.730965
id_vp8mci8xh0,15.874723
id_x5f7i7wjcu,11.079939
id_eej779rshs,13.162562
id_l9g1xrh5vp,14.0495825
id_9qz231bbzd,22.22935
id_3jf3q7rnyi,19.37462
id_y2oiminmvu,23.927013
id_kj1d4jsmhg,6.461109
id_b9dbh7l628,12.1417465
id_qkxd74j593,12.001377
id_f9aer27ojz,18.861856
id_v6ovtq73uh,11.063465
id_dha8u73072,15.066508
id_5cdrvce6lw,42.96452
id_05y9wpsdwc,15.657024
id_ty03p4f7jh,14.965549
id_4rxcuqqsqp,21.78679
id_x8pk6xpjba,16.610235
id_rjgh33lh9s,14.715962
id_07eag0levd,9.38785
id_vxesong654,15.097092
id_14j7bt588k,23.63305
id_f63m71zrb3,19.858969
id_o0xatx0hcr,18.680458
id_96xc5f8bgh,18.205467
id_0t0yv19f1q,20.65773
id_dih5frts8q,20.041117
id_trmmfm32qe,14.275915
id_hu3sq815oq,24.804562
id_cxfmqit9ap,13.726045
id_7izfmpd326,17.145773
id_qd0tkswd2a,14.801137
id_otlb3hargz,16.282053
id_st47fowvrj,18.420218
id_4h4pdth392,6.435993
id_g8trb7wy8n,9.623345
id_1wx11gvom9,21.692263
id_rvq5ol3w4x,11.35674
id_7sttnrbjre,22.413275
id_pip7eoyzmk,12.498848
id_lb56ukrqt0,13.430941
id_0hyearkq6o,16.196737
id_mr6v3oygt6,8.045846
id_yzbu3830gx,17.392118
id_94p4j6yomt,17.027916
id_53xsefo8ab,11.659174
id_ymuv4r55o4,13.187101
id_nqkiglgq9k,10.585566
id_q6e19plrfx,7.8294373
id_poxowfpijt,29.424173
id_qgt2oyneg3,14.656138
id_kr9teempq0,15.958147
id_q43rzgs3e5,14.98464
id_uk0j14fgpq,13.80277
id_h45ejiaqqh,13.868142
id_u08b48hrcu,10.884915
id_jdgiv3t50o,11.679644
id_8h5gfrz1ja,17.179613
id_mslk5ay6w0,21.413488
id_y3hecd28lq,20.880049
id_9cmmjowuen,23.029911
id_3clagfxagj,8.290351
id_8sttc3ns1m,16.357176
id_uv4kyh58kt,16.505816
id_zmu5hapnm7,29.035042
id_ybt3e2qbt8,24.630646
id_yvdig97vvd,12.755677
id_wbsyjlsxkt,15.287041
id_39gbv940fx,18.787815
id_78sb1wtf1t,21.57538
id_o191u62lgc,12.218619
id_na0qbpl8m9,14.142176
id_daa5h53t2o,8.692959
id_z1zg8tcsm5,16.47279
id_dkvf88hlsn,8.572858
id_qltsdtf4pb,12.596334
id_rcnbilmlv3,19.49539
id_rjcx3o5cyf,35.092926
id_dcvlcfgert,13.096573
id_jujywo4op0,13.914925
id_dgbg639yj9,25.013512
id_rifhty9d4h,23.370403
id_4cz74rv8a0,25.725029
id_rjuh3wooi0,14.064989
id_26raoqfw3b,19.751068
id_yleyy5sp4g,8.821955
id_7lq42pqlpp,18.246836
id_x2m1scwodc,28.588371
id_fs6ppj71si,19.947742
id_0kq8v62wnx,17.020338
id_qrf9ul8pfd,18.889704
id_7k9rf681ac,17.597084
id_0urpsxojw7,17.623888
id_oj7le10r8n,18.030584
id_8w44b89inq,10.686336
id_jooksgf7r5,11.075183
id_zjwzzwzjvp,14.712153
id_hit20lvy91,23.926508
id_yjzrxrwvr1,26.64109
id_ba1airy6ru,17.565205
id_fatkzdj52m,11.646058
id_h6j3ijc59m,15.171022
id_r29rhi7ayb,14.2154455
id_n2328yoyny,27.792435
id_2i3htqk8wu,14.2457
id_y8t6iz10zy,16.574804
id_j2xlsmt1az,19.30853
id_zul4loljtn,19.738813
id_5lfy1u1m5t,20.190357
id_4r448lp054,14.06844
id_ks3yurf69t,18.351421
id_xlx05ev9ep,15.805282
id_ybqhvfmvb4,17.300472
id_osbg0v4o7k,18.699257
id_34amm2jgt1,12.202094
id_651jn1ycqz,21.20501
id_bjh20jwc0s,12.940605
id_ev56qyrn6d,15.784646
id_8zf79ts7q8,11.727585
id_fsat380gb4,17.6353
id_5y6h6w77t4,18.781261
id_ux3m69xsv5,14.745835
id_4y4b5x6oqs,12.488737
id_4cmqu4avth,11.020231
id_gd9bm0av1u,13.880215
id_wkp093zyqi,19.016006
id_ubo7o5c61g,11.381115
id_da2q2o7k02,10.998544
id_sfcmtklyr8,16.637133
id_qon3ototf6,16.841766
id_b1pwwzubs1,17.306227
id_idrbyq1iwo,15.456297
id_eo5tner8f9,12.769657
id_dsl16jenz6,18.194355
id_v5frf00iux,14.049206
id_tijwl63sul,18.20074
id_4nertyfo2z,11.92045
id_1h3y0ycsbh,11.219637
id_5ew52k2xfs,11.375484
id_c1hedne5tu,18.849354
id_drxgi1b55w,18.917288
id_b764z0tp5c,14.612162
id_n3ksb769k6,14.885867
id_jvruvalbrm,8.869997
id_qv4ehj6p1w,25.886055
id_jxdgurw8vk,13.963265
id_2ymafuhxw9,13.364822
id_xgqoe9srqb,13.937844
id_swi6t9g6aj,13.729779
id_ttjz1pj6fm,10.23287
id_8xv38j3a4z,12.247884
id_yrqtamezkd,20.147509
id_dzmpo7xtkf,12.513122
id_u98r20l7ih,15.56653
id_15w4tm2lvc,13.820314
id_f2rhz6xl9n,12.263466
id_so3qn2op6b,7.0214715
id_j5evcz5irl,14.096501
id_4hfhscd1n7,15.561409
id_akaaqo1io1,18.284956
id_677lexrm68,20.9848
id_4555ud3olu,9.257647
id_b0q1fq9sgn,5.8814287
id_lbljktjgzg,9.463209
id_ph7h4vs00p,13.523888
id_8k0yeqq8re,14.531842
id_0z3pcoyibd,13.218089
id_riellbxfqz,12.913119
id_22067fyb6o,9.5338
id_fcxnbnpbtq,12.369906
id_058r7cipy5,12.467355
id_58g26ly3b3,11.783437
id_hfta2jdk0t,13.832636
id_l0z16v7e6t,12.736477
id_z696ot1p1u,15.874723
id_ok22kq81e3,14.241906
id_8c4sb9ee7u,13.587351
id_j83bo3ks17,14.0495825
id_8vcb1z1tah,23.018396
id_cfy6d3jhx7,19.37462
id_krv1ca6cfb,26.646624
id_3d0miob1p5,6.461109
id_iib9ayuluh,12.1417465
id_t5k9sx5xqf,16.669199
id_zkw0mo1z9v,19.160692
id_sjwqgvoa6l,12.106785
id_vzxomw7xu0,14.252598
id_ig9ksmea4f,43.753796
id_p70jdvpgtu,28.200628
id_m0gtw6nh7p,15.657024
id_i0y6y5f0km,14.965549
id_hyf3spl0wf,20.90129
id_rshwplefjs,17.603642
id_3b0x2a5kdq,14.715962
id_7d9vzan37b,9.38785
id_1ma4lggm82,19.34752
id_pym8ooemqb,18.51349
id_b0ww1vi7ut,23.60147
id_43huts58gh,17.10585
id_ivuzjmumge,18.72377
id_643x1kcl8a,15.593914
id_8c62htwyf0,15.71532
id_gbcegwehwb,28.74779
id_hx6qnu01o7,17.495739
id_r69gk2kevv,16.81294
id_rfr69eoy4e,19.673073
id_p815xbtmh2,9.355783
id_q4htbc3mv4,16.033548
id_3qu1qg5an9,22.672405
id_jxt2raj564,17.842258
id_whkxth8443,15.718108
id_r5h0grolrb,9.900403
id_gqz444p0t4,12.065651
id_cm6tbu9klf,15.313866
id_6gaw1mpb98,17.725786
id_mi6cveknqi,16.202066
id_hrztm9t3ga,11.709893
id_2f9mvhe5a3,14.072324
id_yrz4dphzc1,15.68571
id_zngjgoo2dk,9.967872
id_pxwxzopg5w,12.909264
id_c40jzd2xtz,14.923261
id_h0w3y9kfum,16.630358
id_78loal24ig,17.033163
id_a6zbnq2jfl,16.167202
id_dwojdf96vz,10.870151
id_kh8t0u2ykn,6.049701
id_ulncgfoozq,9.560068
id_bhaumyn0jh,12.3383875
id_75yu6r1ix8,8.105364
id_nvx1ah4m6e,7.852586
id_4szygx4nu4,9.906113
id_cfhk723676,13.523888
id_rt31sygm68,12.453389
id_dwxwdulu8v,15.659382
id_dclo8jsxow,13.869494
id_u0imoqh2c1,10.309313
id_a4d6g1lekm,12.7888975
id_cwv9ah2kuk,13.291557
id_1583r9rcn9,15.791919
id_55v93496t3,11.715686
id_p6iewno0go,12.736477
id_a3wluzck8n,16.21696
id_tg3rfg73mm,14.241906
id_haijdo7a8j,18.011501
id_aukksta5ut,14.566006
id_vwfdch92yw,11.8293295
id_vr9rjzdio6,14.399372
id_hq9rjuwiqd,26.646624
id_plkyx8w8df,6.591816
id_mps4kqn7xr,18.128355
id_ohn2jvlaqc,14.141104
id_r2vvygjx7z,19.225224
id_8ythlcs4u6,45.58632
id_wgho99po2u,10.933744
id_y9o3zgw71a,45.26216
id_5lp79xg2n0,31.432905
id_vni712633p,15.1326475
id_j2425ljqo0,15.022136
id_01j3m051aq,45.269062
id_r0n1tbsc8k,20.547712
id_y7ffq95y6e,13.075407
id_hajr115naf,12.482368
id_vvmmry71u1,17.402493
id_vp5euuu0a3,22.652973
id_cu85lbcwzc,22.413275
id_p83lwl7p4d,9.385244
id_xnvv8228h2,10.925087
id_t8sup9cci8,15.264819
id_ryshnzfv4d,11.661508
id_h8xe0d6wnr,15.507422
id_y3i49rn3cl,15.170028
id_q2e9lqyx5a,12.772539
id_rxs1idu9rd,14.365599
id_4oegd66w25,11.262928
id_bb5wq93x8f,13.192816
id_52ecm6umwm,29.424173
id_8dwwuytb5v,14.742463
id_zzjc7k91lz,15.925403
id_13zklidhjm,14.281838
id_3987oyytgm,17.391237
id_vrhp90mg8w,13.868142
id_qxd7crl1kv,10.016373
id_c3yqmpgirm,11.854592
id_m04u0g3jmm,13.238529
id_oh231618a0,20.044537
id_mq7wn4kpnq,21.617416
id_1s9kt1d46m,24.61225
id_o2jovbwixk,10.124391
id_lbks4puqps,15.164188
id_s12qsk2fm3,16.033009
id_oy724ak7cq,26.809597
id_g27rgw6pl8,24.630646
id_uvlutbrlhh,12.755677
id_uejyos5gh3,12.216575
id_9hys0algtd,19.56681
id_ga16h299c7,22.20691
id_gxrrg3cnlc,12.218619
id_7mz1vu7g4g,14.873848
id_g2fmh836nu,9.405604
id_yxk6h4ayeh,12.122869
id_unsewqvn1a,8.706849
id_1e0dh5jqvo,10.314988
id_ieyz0z6h0w,21.481522
id_t72jq7wg7f,23.55203
id_h18rx6y3e9,14.1268635
id_70v67oh9n6,16.854185
id_jmw9nldr1w,18.33273
id_484spy9w6i,32.809155
id_g65c62aekm,28.675278
id_wv3teofdra,14.064989
id_inx7pj1zao,19.751068
id_ny05t5mh1p,11.186861
id_u5tjmpvirk,20.963467
id_svoeh6do9g,27.021425
id_m25fiokemr,19.947742
id_ot5b3e3mun,16.483372
id_ssjjy0d17f,16.017046
id_yru4k5km7g,14.326565
id_gr9x49t37w,17.068129
id_dmyl2a0wte,10.686336
id_hc5646p82r,13.252457
id_elm57z8vqj,14.1595955
id_u0fstcz8di,15.630891
id_qttfy8k8h4,24.378376
id_o3axo0etr3,19.466282
id_2q9jp9vnu1,10.728267
id_q6ms0le9xj,22.910137
id_f93eoya8id,14.16163
id_hueq8wmyii,18.388634
id_lf0lyj77n1,14.237763
id_luf77c9for,15.912498
id_d0ssfcbe7n,30.747934
id_qec98cuhd9,19.670605
id_kj1jee85qf,20.789286
id_tegcy3ymge,14.06844
id_qtt1ub0cqr,17.959778
id_f0n6fd1fzf,16.841616
id_h1ar66egyc,17.261122
id_81jnrshsul,11.292776
id_jcg12akmp5,12.202094
id_aq2pxbmh6f,19.862524
id_e0qqf76fzh,13.560868
id_wg4g9os7j0,13.752076
id_3oodaxb9y5,24.977068
id_kbmagd8awo,22.149784
id_j9h3i8oh4m,11.332265
id_hasyime9kt,14.257831
id_sp1rci8n6i,13.214489
id_pyl3gv21d1,12.586159
id_qal583nrjb,16.270607
id_0jahn21yg4,24.375393
id_cdgc01qbv0,13.044366
id_i6rcrq03t3,13.512673
id_8u55jf04b4,16.637133
id_m6pipj4ki2,18.787834
id_gy8s836zbx,20.819733
id_0uh4v68wol,15.665243
id_7fcx2np47p,12.769657
id_6wr20e0qhu,14.944209
id_tof6i4dxr8,13.534157
id_k9y121i3q6,14.900283
id_ufnloy0p6l,10.55626
id_bmbz4ag2h4,11.219637
id_66fiqi3hb7,12.986508
id_ao488ekn63,16.022501
id_qa08032ux2,17.139748
id_dksj4loxk5,16.156841
id_xcnbk7we8b,13.9210415
id_d01xs14b12,11.106973
id_gtbikppc9b,24.740995
id_vexdtontsk,14.122505
id_i2u4lru5pj,14.457873
id_jd4dzel6u7,14.856646
id_lpa9r07z8b,12.744597
id_51jaijw22u,10.23287
id_banl3q7xba,19.26409
id_vutwngujan,12.339615
id_8ymb5tnc39,8.58557
id_5o92himecd,10.8398485
id_j65gxna4nx,11.883942
id_ox2wsaw3ia,9.560068
id_k2707sckem,10.498951
id_mpj0lnxacc,17.855272
id_xp21rc9wlj,15.951169
id_95qlrnfn3m,20.9848
id_jjc390qqbh,6.365404
id_5q6ntj5feu,12.254784
id_ulrzxc6or4,6.968281
id_wyvwl4bqdu,3.245137
id_f5b42pbalh,13.523888
id_3piuxvnarz,14.8804655
id_ujdq27dnuy,11.795613
id_o3842mf5fv,11.590191
id_vt4p2wegs4,12.287847
id_z4g1p19t95,12.253399
id_bhmbzfmckd,12.438366
id_lx1nwyvve4,11.088285
id_4nsm6zzd4h,12.846182
id_9jra8eod1e,13.474657
id_qbc2s39kpt,15.874723
id_hwtnn2m6nj,14.241906
id_xmn0zn0jvp,13.415348
id_5022yedndd,12.328883
id_wdxog5yev9,10.7137985
id_aokky0eeqq,19.779022
id_1929ukjz7m,33.165867
id_6ezdibfpl6,6.461109
id_muark7nz6q,11.067426
id_l6s3otmx1p,20.987806
id_evzd01c14s,17.35464
id_h40j4g6lko,11.735299
id_kn6e9u36j4,13.413376
id_8j6zj2o5v3,47.226227
id_mdql0oe5vo,28.068687
id_0ejmzowt7c,9.7504015
id_l7koi9bqvu,21.54474
id_zq9peruavc,21.619738
id_w9vfge8zvy,20.547712
id_m1u3t8z35l,33.150093
id_2akds1jali,13.56398
id_wejvfo8xac,9.577605
id_wdhrtx9pfs,17.705217
id_ss8ixmpjdu,13.430737
id_8v78f3tzgd,17.406857
id_1mnkwpnpkp,19.830893
id_jxl5nffktz,20.639265
id_k4hums63fu,21.424309
id_cb40n09vwf,17.614779
id_ojvdj9l7ir,30.822063
id_8xzd5q9b2n,26.62889
id_a2oil7cfw8,17.232561
id_3eb707sqy9,11.940801
id_fqpoallv5t,28.493582
id_a0lghu0yk4,19.21749
id_2s5h4jyu48,22.757751
id_tfr1w48698,17.84257
id_jw7cwte35h,24.944887
id_4myw2ppn88,23.255121
id_nu2j6ezn8a,19.486172
id_1pi7rar7w0,34.743584
id_lp1eem68uu,28.911877
id_i59r7imuxn,23.377413
id_jfhvjfzvfa,21.739237
id_co08yelk6i,10.338843
id_ozh35h3nct,15.543664
id_cf9woqagxi,25.806807
id_4pbhg788eu,16.537252
id_xqnx58hv20,22.9506
id_g7e6fyre5k,18.838797
id_i5kwutfr3y,20.951504
id_xl68jb742r,24.32843
id_dcvf785h1y,20.333015
id_n38vpdzrl5,18.785572
id_8520840u02,21.806665
id_27mp59yu1m,26.789091
id_053nn3pbfz,26.138256
id_1hkqlxmn2v,23.91692
id_h8b77jfadh,20.947073
id_ohfvgfke8w,21.17274
id_i89aiadf4j,15.259357
id_dczobb4ttq,17.127779
id_xu9ib17loe,29.871897
id_i9njn3noh7,18.242718
id_90v0etup0d,16.924685
id_9p6b0j3eu6,19.087559
id_xbtp6hvq7f,20.189005
id_4p48d96fhm,17.989508
id_34ll84rx9f,16.929314
id_xvk1eas2cj,15.015285
id_u3byzh8on6,18.505527
id_9mmhnd07no,15.262928
id_tf59fmc5uk,15.681459
id_eu8lfqr566,19.470095
id_quspwoer1c,18.618319
id_1udgdtpt4j,18.051601
id_mp1wgahaac,17.661715
id_ah05rwmnc0,12.290609
id_99pzz5yuak,17.690216
id_sts4gl2h3h,21.609528
id_wkw4zd0vo6,18.4708
id_42mzemmqf8,14.790436
id_pfup6tmwcc,24.17804
id_g57cpderdh,61.61229
id_snv67pqv74,8.670717
id_9htd0dd4o4,14.904038
id_wvy11x9u8t,12.39694
id_biytotjie2,17.7953
id_xtb5hfw6bd,12.932067
id_65l5hak91b,20.894302
id_16p4qjzi91,27.89826
id_fa6j0h18yu,24.563173
id_0hpi956wos,22.249107
id_6llaal44lz,19.612253
id_bg7586se6s,17.747505
id_dr24ka6xxv,38.259342
id_zova02slaz,23.168022
id_4aa970r08o,22.487885
id_5v2k81ndi3,18.531597
id_w0w2t7llmy,29.99491
id_3v0pkvcpfh,27.201887
id_5jyp9jh31b,33.271446
id_s851gktvnq,30.649807
id_0c31rjprf8,25.573328
id_iclf8934dw,19.729885
id_i0kzmw9707,31.223083
id_mh8gne9yti,45.449753
id_ztrwp444jx,32.948174
id_7pzbvg9uxi,24.732183
id_zyh4qgghaw,44.788486
id_tirnjget2u,35.27246
id_f89ptvm1ms,64.26542
id_s5dy4d934y,69.55618
id_0h4f1xrjyj,88.305435
id_rbat046yjy,70.50554
id_6o66xnm1yu,99.55504
id_lv893wwhs3,92.51742
id_t6381wgsi2,94.528175
id_sgt84ewftt,97.85089
id_hbt3rrighm,65.08981
id_gmsjw4fd0u,97.60549
id_rfko1do0hk,49.05399
id_zbl8jgb2uw,16.70186
id_1syuqnv0zf,20.470366
id_505znfwne9,17.764496
id_64xsijlwga,16.702017
id_np7zxu024l,24.784801
id_72gfwpdc4j,55.164673
id_0cmp4g2ubt,14.506761
id_e6wx5c307f,19.822447
id_05luzgibct,20.140036
id_13vd6nfqlg,22.91523
id_dk3pcbei6n,21.55085
id_b98ce0qkq8,18.512026
id_dul45idm6l,19.784264
id_t0xjo4dade,26.6566
id_nk6tuv7y71,22.498348
id_eg12ovcwpw,24.695633
id_hlwwfh3qu7,19.563442
id_kkhhupasf0,21.827465
id_gnh3lx8tp0,16.08464
id_k9sufsvlha,20.746542
id_ars5keh0vw,24.76307
id_r3gn7hnst8,23.764284
id_asxb2wtleg,23.042185
id_zbfwtwc0o0,20.646793
id_y25nozzr46,23.28297
id_hvslvvau3s,23.811007
id_ow5f3qjobm,35.44482
id_afzc6ul1wy,23.95086
id_xk9bv6spi8,23.997879
id_cd4wv6i21d,23.31497
id_lhe7t7ml8n,22.693285
id_atxrpetdw3,11.074878
id_0aj1mxix9q,20.156775
id_no5yjlcm3g,15.977066
id_bjvx3ng7q9,22.54124
id_uvoli7jkk3,24.907833
id_8le9qqlixz,19.798101
id_a3jcz7fc27,16.193256
id_793ke4x5e5,15.686074
id_loljxr0mo6,20.812454
id_0v8evpy2qs,19.125912
id_0bmqcvks9i,18.04117
id_ug9e8wl8h0,17.278923
id_aonmnfwfqw,16.30103
id_9h7w4b7oww,21.43169
id_6gxul944md,16.447893
id_8y3pcwqv5b,25.62662
id_6gvnwx27b9,17.590284
id_w0zxvghizq,19.1566
id_wmscdo85fe,25.609936
id_xrbsdkk2c4,19.59044
id_pcqx5u6le6,24.333075
id_6smk5au66q,31.013115
id_xmzhq3a015,11.647382
id_ueml1oc6xg,19.346548
id_tycn46bdt5,16.68534
id_uhm4o38ksa,28.694479
id_zz4zc4dfvr,20.355225
id_3dps54vf0f,21.289291
id_hp0ejuyv3t,13.455797
id_qod41j7e0e,17.652729
id_4s4s9ljllh,20.580305
id_8vmswwvy31,22.545124
id_hgbeyzbqa9,15.565222
id_9eazgq4i93,17.799122
id_15tfvndhja,16.807604
id_akw3lvhlr6,17.874329
id_pdrnzevlv5,14.447439
id_k786vuzcmw,18.353594
id_ii36qck65t,14.28283
id_luo9wejxo5,52.94518
id_dv7y922sze,16.795624
id_zcs5e5jjv3,16.558199
id_nl1ahmmrsk,19.088285
id_n2j1w4zr7n,20.53375
id_edhr3ruhca,18.336363
id_gqpsd6uict,16.191315
id_qowgzlfn74,15.554414
id_qs2l2xtdjm,9.637148
id_4lrdvrygkh,14.582962
id_auybt6kold,15.245887
id_ufe7g778jt,13.430215
id_7324fwd9hf,15.479506
id_sn73v8vz1i,18.100683
id_ojcp5cpvj0,12.082542
id_op1s93i84z,15.736249
id_io2lx9odns,13.929946
id_06zbl7jtc1,27.508848
id_1ttiqk66yv,15.036581
id_4pt0caxqat,16.54973
id_ws58vo2yzn,12.624434
id_tce3ozp394,16.809372
id_q7t9b05o1s,51.90707
id_awrm3qdtbv,20.044897
id_la85j0outl,23.687885
id_i6yqhfapf6,13.070786
id_snwy8kzkae,15.273304
id_6v79axy48w,18.415289
id_4t3anhqio5,20.877586
id_q74mccdm81,13.352311
id_ikn6e0mpzz,15.572129
id_v8txb18kd0,24.93976
id_audlh8gjcf,12.939032
id_zfs5kudqv5,25.133432
id_rz81mldmne,19.40457
id_h4oa84i9r6,18.340801
id_htkc980daf,31.00392
id_66wzrdbk8j,18.077248
id_p8oxssnqa5,18.768154
id_thd2r3g438,21.681314
id_8ac2fo3bzi,21.992575
id_9ukm2znbos,23.149563
id_vq9e0a0452,25.994328
id_8ao6r0by2m,23.468428
id_hgrtbz1nsy,24.75092
id_7dyx4tphmb,29.535175
id_int2pnz27d,23.98529
id_1gi9fmazsp,23.364382
id_5dhzpnfsc8,33.114185
id_olg30s5x5y,30.64203
id_t5523jtnh4,21.732105
id_vqcahchrt6,42.61486
id_fk1sa9hbwa,36.617985
id_ok160agwht,24.01827
id_xu17k53yq5,35.04116
id_xmzcqauw3k,43.18417
id_aour5rgxfv,22.354942
id_nujzd9pafg,20.06225
id_icrv4paofp,38.989353
id_9yatzebc2c,25.478207
id_gtjn6hxle0,40.307953
id_m6f7hnj4t0,41.333492
id_1v1fi85h14,36.562363
id_7sp5685ieu,29.028624
id_liqr0uwqrd,73.890495
id_03lwil97qb,58.537144
id_b3j3fd3rmh,22.334862
id_sifhxybxky,11.2563505
id_hz8r2su7q1,9.421657
id_idsihhjz6g,17.392118
id_o866qvk74p,14.38787
id_0u1n7gtyxp,14.213119
id_lyrsajp3xp,12.269817
id_bzccsloevv,11.878153
id_9c9z014n0r,15.591411
id_0che20octp,13.80277
id_8lyeumoumq,12.869572
id_9wiy3lc33n,12.097182
id_9a78zekrny,23.60147
id_59yb1kfkkt,17.10585
id_5qugn6f0n4,18.72377
id_ch556d7iza,20.89155
id_yljh4w9iu6,10.124391
id_cngpsdvk41,12.526856
id_cpc394pksr,17.213266
id_9e8yludv11,24.9258
id_wmvjf8lqx7,11.505618
id_fxa58eejly,21.032013
id_lrnh9ds8zh,11.186861
id_14c1s7ewjb,19.352457
id_8h35d7as03,28.74779
id_pirch232ad,14.973581
id_l2k4cwt2y4,16.238829
id_bv77jcdr0q,18.825794
id_fdqc1chspp,16.81294
id_62ln78y7zw,16.307747
id_r6uupiy606,10.841679
id_pkr851vgsb,18.559011
id_5dt20d24kt,17.583637
id_14iduc4f9l,21.80208
id_s0oyk7nplc,14.963882
id_ohoxj2ghjr,26.196293
id_lx42qav5js,12.065651
id_7y4q699t9l,15.393472
id_dp3acipvh6,12.51293
id_t5pefcc5b8,9.967872
id_lpt30pg4he,12.621492
id_3t6sgybjdl,11.5675125
id_9n0a6kx46d,15.143068
id_slvqhia6kd,12.709635
id_8ulyzkbx2b,9.701716
id_jo0fplisra,16.554178
id_dy11ridu3w,12.93477
id_3qf6thp1zq,14.649994
id_irq21mxj78,8.105364
id_w2cuumaw3w,7.852586
id_nwr2vpkoe7,9.906113
id_u3ih52igtc,16.34904
id_o1esa8wsif,15.966122
id_gwxneemm8m,13.622221
id_mktr6ix79w,12.080578
id_2ptvfeal81,11.37724
id_elkdukvihq,15.906817
id_qwk4cugilm,12.325832
id_1oz3u6pwhi,12.736477
id_y0xvef09vq,16.21696
id_23gmc7gsmv,14.241906
id_r0m6c354qj,16.856062
id_r0sqad4l78,14.360068
id_ghdqd5jsd3,10.489713
id_x8bwqtepbs,19.876463
id_ya5dvzycq5,26.646624
id_9wue1vw0je,5.987454
id_cv0ocjo7yc,12.89897
id_tembu3gfxi,19.408699
id_jtuteue33p,19.225224
id_lzg90mlb1v,45.58632
id_z5sz4wfbb3,10.933744
id_po61337o0p,45.157387
id_u3ds0qs0ja,31.432905
id_ux2weabz73,14.209572
id_8ew9nnhjzb,19.499205
id_lpk5vf71ew,45.749165
id_haz6ywphnk,20.547712
id_7r1kfjjh14,31.448503
id_663tkhfuc6,10.814517
id_z9c1h7fnjj,17.339417
id_9dx037ij0q,22.187155
id_f67k2oy6ky,58.345028
id_cphmkwhhm1,37.06789
id_jhqjrinix0,32.23748
id_n5se9alz2t,55.135834
id_lcbe5mxkum,21.913761
id_4fe6r13wal,25.928421
id_ijzj8r2su1,18.166912
id_msz2inba0v,21.485182
id_qd11jjsx2b,16.660713
id_b47e89k3ve,24.781975
id_7mb9t9x9tu,38.694828
id_mvbhi84jmq,42.940804
id_3yqqem9nei,11.661241
id_ivvauoj9x9,5.6869726
id_3jy613lg44,23.23039
id_m91x6rqccu,8.411598
id_8q076jp0mr,19.38038
id_4zcmj012is,27.537033
id_kpjiqdh6zr,18.80592
id_dfajl055xn,15.120049
id_frm2rh8uv4,14.106824
id_yo72un0uym,8.774064
id_wa7g7cyrfb,14.904038
id_c0600luvkg,10.672637
id_55u72g0c0l,17.7953
id_efc4gex2lq,12.932067
id_cdwfcwcj48,23.799856
id_yc1gty3xqz,27.49589
id_867am351jy,24.563173
id_sf4b9w2jdc,22.249107
id_vsa8h55f8i,20.132269
id_ovpfocbku2,17.747505
id_xbgzqf0szs,38.259342
id_15v5x12fo2,23.033382
id_gxgs0b70cv,28.970388
id_g13m7fp2dp,15.796848
id_cav3ox8jtj,29.6554
id_vhu174dncs,23.228155
id_o6tcsfwljz,33.271446
id_98jqgum8n2,22.329891
id_m9og9r3r2y,25.573328
id_abn9ddpwtj,19.729885
id_4zxljdntpc,31.246323
id_y6howqrmjh,44.84362
id_5ke4foxu8k,32.676617
id_hjqgkm27l3,31.830198
id_f5i3m6wxqj,33.795807
id_j8hsu09w89,60.46628
id_czurwxut83,66.69171
id_prz1am7w85,69.55618
id_8bkmhgqh7f,88.305435
id_yz3ljcsheb,70.50554
id_ss72nbk35w,99.716545
id_gix31lwz9r,92.51742
id_n5jqluy02q,94.375626
id_vsz8smmdv3,100.50093
id_hg0e7skz0t,65.08981
id_esawyovxf1,97.60549
id_hc62abtu6k,14.771672
id_r8r0rkheji,22.51123
id_xlindtdnz2,13.96765
id_lnjrpbezhk,16.430952
id_mgtu4ilbfd,32.809155
id_5xqaypkkvs,25.260906
id_w3so8j4bv7,14.064989
id_7w1zp8cjcn,19.751068
id_67uys7wrv4,8.146582
id_r17gddig0j,18.246836
id_e3vuqck2h6,19.8432
id_fhszavu8ax,16.681046
id_luamixbkgq,17.597084
id_kqm2f56xwc,16.750381
id_zyxetqm6wu,19.057796
id_dz8pj6oclh,10.682362
id_adeyv5o4f7,13.168003
id_fz6qqj1h1a,14.712153
id_n87wj2ambh,23.926508
id_f70k3emlx3,22.217617
id_vgoievdbtz,16.46967
id_zh20dby41t,15.171022
id_8bvi6lu9pe,27.792435
id_q160zgg9me,12.388133
id_4626is4jb1,15.852162
id_yb12y6lzfu,30.798687
id_q28sbilqoc,17.495544
id_tum04j3i0k,19.202114
id_rmvr6nrclw,16.399237
id_htvqxawa72,13.401544
id_fz1uc4v5j0,15.695135
id_7b5p3b0df6,11.727585
id_2g79ep4pkj,18.587566
id_iqortjdma0,11.090233
id_le8f4g0pzu,15.799986
id_ekpzp4t5c4,13.792461
id_gesmljsvjr,11.020231
id_psei1suku6,12.5328865
id_hqwm0196vz,16.773117
id_69rxifzt35,11.166338
id_4o96zxaznr,9.162373
id_3wrfo6380m,16.637133
id_1fty7ttimn,19.859558
id_c57ji3ham6,17.19684
id_wvw6k6vp72,14.049206
id_0p1s7vp852,13.690348
id_b52rchktoy,11.680706
id_xgf7g7nfe7,11.219637
id_sm7nxaxevr,15.474429
id_pyl58w1gtb,18.765594
id_nqbx4rommx,16.559582
id_19wzlmlzng,17.98736
id_z1hdqiwyma,13.963265
id_5mgd2i895h,13.097634
id_60a72t2cay,20.738134
id_a66evs0aqw,13.609011
id_iuiyr65rvv,10.23287
id_eaknqbzf77,12.513122
id_stb9gc066l,14.5485115
id_qaykme2vjm,8.292404
id_dt2xwaz5io,14.096501
id_733wbi020k,7.943888
id_m1jmaidc1m,13.688552
id_iq7tgns55s,6.8206644
id_fyy6i6j06h,10.390728
id_anv4htdeo8,12.881546
id_f1xdbych81,17.251816
id_vjajvq9znt,12.779522
id_sqcw91cgln,12.706617
id_w0kn8lsfm6,9.5338
id_d0y2cmg99p,12.061977
id_c0lde7ws35,13.245817
id_nkpuzearf0,9.863924
id_dny7wqpwsi,13.832636
id_mut5ylxif1,12.328585
id_6v6apoias7,15.874723
id_aanbewd75e,11.079939
id_g3wrkoouk4,13.162562
id_nwndwrpf8o,14.0495825
id_21ug002h0q,21.46702
id_pd01tyg62p,19.37462
id_wcb0ckggc7,26.968088
id_3xfe9y6qy2,6.461109
id_sg7nyshurw,12.1417465
id_fl01fpudeo,13.05889
id_oz6t207lje,18.512209
id_yq2em36nu1,11.161867
id_fe0mlkkqtt,16.273605
id_1lzokw7hi1,42.96452
id_1pgeidv7p1,47.491394
id_lbrv1ljzfv,15.657024
id_ws4vk1maeh,11.851201
id_lkjm5o21jg,21.78679
id_esgom4jjh0,16.610235
id_5wgz7hxu3q,14.715962
id_ce45fi3i9r,10.248831
id_e0fmjam36n,15.097092
id_t9gpc6cl08,20.44421
id_4e0oh24nij,15.741655
id_wcvcujkjfa,16.47943
id_959hw03dsc,17.10763
id_mfcbkrkwil,17.997677
id_it7jxzllrd,27.30512
id_8stz7b6m3b,17.302303
id_6w3q8g9iws,14.133429
id_w0ee2fe65l,21.05959
id_fhgz7wzae3,20.185184
id_w2rchmas4e,25.62241
id_jmo9wtwu8m,18.024717
id_uerluxmuy9,25.408222
id_22yl0qw8q4,21.742945
id_a9oc6x2g72,26.645079
id_qbhgqc4yet,17.147272
id_rn6vcvicw5,11.940801
id_ytcdi9ix3q,16.474743
id_qzfdep9u3c,13.932648
id_33pv489fe5,23.82577
id_u1gjjizqyk,25.370293
id_w4rf4iv383,22.24579
id_3zb1zekfcs,23.764284
id_ertzpococf,24.720243
id_y6ouxkmf0e,21.014221
id_q4dvl9exoc,33.44392
id_imi2dyvmxc,19.606285
id_8flbm45nba,34.87471
id_0d93zxtus4,23.573418
id_xfxo3cb3tu,23.360348
id_h8j2nrpseq,22.151274
id_4gw4m9unp9,22.523117
id_8lqfepep8r,11.545859
id_lbql83v1pa,14.010624
id_18r3kupks1,15.280613
id_bz3fcm9azs,25.389551
id_vxwc5l36hb,22.346706
id_1m3ayw8orl,19.494186
id_n7s22ti3u0,18.89796
id_7ml18gt65i,18.793661
id_pu8pv7gwz2,22.39783
id_ru43es0zjg,26.73266
id_n2y5dyb90j,24.32843
id_v6dywtd3ti,20.333015
id_gpm9b55dkf,19.83205
id_envkemqd97,55.69193
id_rm0pa4kk4k,22.96813
id_s1qxkd8ot0,28.92502
id_bwv1d5pcax,16.324091
id_cvbktrmvyp,19.260878
id_k4zxmef1ve,20.286705
id_61jelkjb5z,19.591469
id_0zwlyfwhg4,24.764503
id_pipj3ap8ak,31.013115
id_84xzjh13pi,20.599993
id_zxct0q3dqx,15.80381
id_5vji53n55u,16.71587
id_7mup88cw2n,28.760479
id_fomq0iryjd,25.109974
id_5mq14kf61k,18.242718
id_6tfrbtojwh,14.593257
id_p1syd1j82p,18.499317
id_2efu8wsf0t,23.154102
id_nf6oaj6hmc,23.265232
id_6szo04nr0p,19.457369
id_k3zqwshvxx,14.638328
id_xb9tzd4tni,18.613108
id_1g1133mxj0,16.297016
id_l51e1wtruw,13.078862
id_qgc87e79ko,17.002613
id_2efd5sv0eu,17.092083
id_93di8172pi,18.505527
id_b8vvdmeitn,16.790468
id_ci6fg1tigr,14.239953
id_c1zgt77fyu,21.768307
id_78t3asrjbf,22.644478
id_6oanpv3bs7,18.018164
id_zdhxor1yx9,15.127453
id_hjug95reos,12.37096
id_q5y6b2vxi5,19.470095
id_lmmep6vt6f,14.582962
id_ur485xrowj,11.734438
id_yh8jpakk4u,14.265553
id_xfom70rd8q,17.20637
id_cx4og6dawq,10.45876
id_bxqjc4lu8q,16.71734
id_dfkdged93h,14.497006
id_wpc07nnnn9,16.986744
id_3w6yxmo14o,19.000267
id_9xhx7zdwqp,14.633077
id_fkcu4ryvmb,15.51475
id_iydvhqnjpg,14.973395
id_xfd5bd6mbb,12.697047
id_pnfc3lxqxw,17.147472
id_2fi5bq6vwj,14.189702
id_6viyil1331,15.486575
id_5gwjmv15on,17.679186
id_76bk0rtwtl,22.800655
id_f60ku7tfev,14.098461
id_h191utquex,23.065092
id_wi04z29d3r,20.46038
id_fbntyg7wwr,19.55935
id_v3zrqsqzxo,12.762742
id_bw1b95righ,24.173592
id_zp9ylpq5fk,22.727833
id_t0g20s1n6l,15.157084
id_dktjg2pt79,23.494968
id_mik9bcfz5g,16.347878
id_t7ahyyqmpl,17.829546
id_mu6p2nd1yv,24.129002
id_lff5hw3ol2,19.337774
id_eccaetzkfx,19.50696
id_z5lh6tnhu3,22.46939
id_vg90abt8lg,21.745522
id_b4kmym2z2e,26.63884
id_a4bm9lp96l,28.766912
id_ph0f1whio6,14.8558
id_bn4murbtsb,20.279125
id_mbkfsw8xc9,26.365858
id_e2ybasubxp,25.953587
id_6i3ti67p9g,21.645811
id_bec40ri158,19.502361
id_zacj6i063v,27.252235
id_lol7o2igta,24.602312
id_m2m6u5m8oo,47.544643
id_g8kpxolorf,29.161995
id_w57cuionsw,17.91564
id_64x7iknxnp,39.960636
id_umk48ombht,46.893997
id_w8cmk8r8vv,20.703756
id_vj0wx6wbs5,24.717865
id_w7sma8wi3u,30.563015
id_oqmb5rhi5m,27.587645
id_i4y106oe8m,36.257015
id_biglgqqok3,42.31731
id_6026c6cyn7,63.863655
id_ixvjw5pg83,52.62297
id_w6kanjj090,49.39915
id_qy2xteqn7k,59.14161
id_6oi09e06us,43.751305
id_37za3uvuvh,45.58756
id_e1rym2u84c,46.82582
id_85pjz4b5rl,41.45692
id_ohyxbff88h,58.297092
id_dz40i4pbqo,70.69944
id_kfb0js1w3k,35.952896
id_z6dnfzl23b,62.14532
id_jkeoakg1zs,37.31902
id_jvc6j31d7r,43.710617
id_tp5jxexuje,64.20768
id_dkv9vzan2j,68.6143
id_21jsagai52,68.318596
id_5j5wrd0r76,67.98239
id_hafhcdf5fe,56.287697
id_ng9duxlksi,37.374874
id_1mrr0piel6,16.17208
id_8dlgnof1yt,16.864796
id_ayhykhxv08,16.851252
id_5veb3455kk,14.904264
id_0gw6p17v8i,19.230127
id_h21k3oibhu,42.00806
id_onax36r19z,42.957443
id_kf6alfal6l,14.48188
id_rgm4q6o0n2,18.541304
id_051ag5i4ha,7.022632
id_03ajztlcgf,22.525743
id_h1gdh0ctos,8.811744
id_wea0tzo38s,22.808935
id_d77c6v7xlq,25.40339
id_o5czlw27eu,37.963543
id_z3b6rgvygb,20.465223
id_iwwln55ll9,16.896273
id_ctyaqjhqq3,17.691467
id_bk5kqdpcvl,15.571726
id_lcaeji5kvm,7.034537
id_4iuroyo095,9.534329
id_hwhg2nzcn7,14.048843
id_zfyyzm0tfl,19.767876
id_aks304uagg,20.615435
id_5muf55bxe7,40.33919
id_or8005ins6,24.629631
id_5p0q5jonr0,27.993874
id_qjskvygs4l,20.52029
id_u5iqw2tz8v,13.215691
id_gckh1uiy17,36.921104
id_8uh4onl5v8,20.950705
id_46wh4sy9gi,26.899942
id_zd5wtd5tmi,15.246536
id_8tax5ieqth,29.847801
id_ouo0ii1gd9,30.006144
id_ofkcbq4gav,36.384354
id_yak2zy4o8d,36.834103
id_lmj3zlydl1,172.69511
id_r5cm1bhxkl,32.72249
id_0zbo52y2xz,33.553493
id_obd90peb73,50.38972
id_yubp5ipspp,42.291996
id_q44cbuudsn,31.830198
id_kav1f2lb2r,36.88265
id_gxbkwk0iez,62.7304
id_ek9x8hre7u,69.25949
id_r871vcfbl4,70.250015
id_35iwrmt1yx,82.61141
id_mgt3ob9nni,68.67796
id_ata3d9u9ij,87.16782
id_389jy0txmq,91.76766
id_oaaxhllgnf,88.58261
id_fpoz5ozfg7,93.08321
id_hygp8jfsb2,68.42233
id_tgmi1f70mf,100.20614
id_8xhlkfw0vd,11.602242
id_n02h09aa2y,26.348726
id_vcfstyofl7,13.687132
id_jjreek4wj9,46.216564
id_x7op0k35jb,17.391441
id_m0rro9r1gv,17.696426
id_9ky9s3jqyp,15.796848
id_ohpg2cpkpk,40.159733
id_s13clcy2o7,32.948174
id_2h4f3oh33x,31.464865
id_lzsgsz7nuf,30.902243
id_gnfl6qhq2v,58.6182
id_izavvighqu,64.16301
id_5mk7jbh470,69.55618
id_y78kz2lj7d,21.46138
id_r0jik026d1,27.908072
id_4l552ar61j,49.579613
id_yog4iw8i1o,54.93901
id_pv5p2rds8o,86.31218
id_1k5akrmzgv,22.084269
id_ks7ucfmf06,75.14061
id_15cuw1it4j,72.58094
id_kfgdu8dkqk,52.60447
id_aa4sqe4emy,38.60749
id_zytuipkh4s,42.102406
id_753xfgjvu9,40.271492
id_lpvtn9w0zv,60.90141
id_7asrrizo0g,34.228737
id_8bwlfohvu1,67.718376
id_1hy6gjm6kl,97.851875
id_qsf30wtdhv,11.785853
id_1uv0ibuczo,18.147942
id_80csjj6d48,22.107857
id_n1g3zkow2a,13.285427
id_qjt5kb3u6x,12.650862
id_6e8d5kqq5q,13.585912
id_wvhdr0r7th,24.476799
id_x5r3svy996,16.981998
id_o9ggz31qgu,14.129271
id_gv60syhrk2,12.9076605
id_g3j3o1t4sz,14.863703
id_laabpazmxh,12.1943245
id_eho4ay6smw,15.551717
id_w8nvwfcpmm,17.712439
id_btnsop89b3,25.063894
id_0w6dn0yvk6,13.43752
id_gpznwpt7ys,11.685255
id_z23dyz3slb,12.775637
id_2ojx7eu8qw,16.43909
id_98t8cdz765,18.145735
id_8f9m9dleze,19.656284
id_oeaawvliom,16.01982
id_ov5yh9unz0,9.027484
id_syrmc724fl,9.472081
id_wsfou7xddv,9.751491
id_gdrcof729w,16.956024
id_yyeq995o40,5.972844
id_mhj0m6vsoz,9.904941
id_d51371db4v,18.809277
id_nrt1xvsex3,12.415136
id_e0e2p1877w,10.644031
id_ezhbu5sh62,13.436707
id_c4pskc8s76,5.7322125
id_r0ufs02ezc,10.573561
id_hk47qerjv3,16.370531
id_8qq33hqkxq,8.898326
id_w1qz8bdksu,7.6169324
id_n74jn7d5ct,13.345512
id_b2yadnldic,11.552497
id_484yc688bf,8.759844
id_5w25kqbc16,8.754469
id_9n8atixf1w,8.720302
id_5f8seqeob8,10.188154
id_h0d3gkad49,7.8662505
id_g7kvipny30,17.804316
id_hmwh1yqafb,11.503557
id_xjzlyzcmgj,12.284243
id_inhwqwpuun,11.465754
id_wsm8a53caa,11.8293295
id_r9mlk12372,15.756685
id_oisa8d97gd,10.890654
id_6ab55sm71v,7.549906
id_too46nmh07,12.503571
id_r5m6g5ftw3,24.79281
id_g6vqehwv9h,22.740679
id_na1dwva2t9,38.496315
id_nr83m898q4,47.439762
id_588qh1lkgp,30.26152
id_1k70mcdia8,12.52817
id_4kvsbq5i01,12.365274
id_u90ok9v1g2,45.08887
id_f7jhr0tzyj,16.59425
id_496ds7trwi,13.720483
id_rjedrxh5ol,12.37692
id_iznxqqg86k,17.313742
id_r2nitpoo6n,18.995436
id_ako3197fah,39.25905
id_nprrbmfek0,54.640545
id_bmxffkemr6,23.0282
id_w7doelm7x4,41.52117
id_8z87l1y49i,28.757095
id_ebkjvn720n,30.076256
id_tc14hgelz9,20.649683
id_a574b55rgm,33.306065
id_dz6m95a6g7,13.391326
id_wei7m8hy0n,6.9209905
id_hj9g1ena8l,26.143827
id_hxkqt31oj0,33.438732
id_j9xr0ullvp,26.99493
id_dhxexr0nl8,20.095835
id_thyiz3erhs,14.119319
id_vfer04eoj5,15.404227
id_dtjlkdb6na,25.248816
id_wjevf26x7g,26.548532
id_js2e45rmts,17.870813
id_h4sopez1xq,18.318287
id_tli2tt2lre,16.274475
id_nml7r1ihuo,20.276316
id_ny3rzr8dw4,23.86722
id_dgyrdg3c7c,20.04469
id_5xl1ofkel7,22.07219
id_s9z5qdtsok,36.42775
id_wzznck6hr2,44.2319
id_2jrs4cf50t,12.043006
id_zr9i8iyl05,10.00123
id_ywr3489vgm,11.542195
id_40yosi6uqe,25.543005
id_hvj85b4s27,18.077284
id_ve7iodkk5x,18.93793
id_prcsjcgmvr,24.200537
id_urporbfca8,37.078545
id_hnh9veqj44,29.458067
id_66ujv86e23,15.735375
id_op00lvkxjn,16.069195
id_0h1a9dhuum,14.317294
id_ng6gkjkewg,7.7235203
id_u3q353kzgc,14.702496
id_ykfovbo3gm,13.02974
id_k2wnuw9gop,16.647024
id_n742fvx1ah,18.393265
id_ecz5hhz0iz,37.448338
id_t3tupepv7y,31.808678
id_touyxi6cd9,24.609987
id_fv0z5li929,25.907352
id_1rbmh121yv,28.694183
id_jxivfqw95m,24.10558
id_c99mmbda9h,40.708965
id_amvzqnr8uh,21.770657
id_vd8i2z3hob,21.769733
id_sq6qs6ygpd,16.80069
id_grfpl7lzzm,29.898823
id_rqzxw5tozc,29.464554
id_74zv2ut2b5,41.28586
id_je1zddxbcz,37.591164
id_p1lsa0r1uy,18.45033
id_466f3sjyaa,24.810642
id_6bji5k248v,28.539951
id_xmf644v3gg,46.273094
id_7ww556yt1z,45.18609
id_1kv2mm53gl,25.23607
id_gogfzwk8d6,24.897379
id_4ijyknjpyw,35.88427
id_51yb1ejvyp,63.685467
id_e8kgwianqu,69.36283
id_01xma9jtcq,79.20271
id_b4c2qvjsq9,66.31015
id_kkxio9kyth,94.55177
id_eo46mly8qt,84.74093
id_x6q1xzuux5,88.76914
id_o9paw0x3kv,87.57836
id_rmptreswq4,67.696785
id_t3b2vd5gaq,79.42327
id_1ccceino2g,37.31902
id_pkszxukfw8,43.6576
id_irjroluzw5,36.726376
id_41oiry183k,64.14855
id_cfcgnt1ghb,69.50196
id_sjd7rg1oll,57.244205
id_364xgx2f9d,67.25597
id_fy2bmhco3s,53.359623
id_axh2ddc911,58.87125
id_29vkc8fnf2,37.06789
id_4ohuy386ux,38.455215
id_ny7vfafssc,55.05681
id_is7lidy1mf,22.413275
id_3gzqnrpvj1,9.385244
id_tgs79jz18s,13.430941
id_1vuxj43b5t,17.387627
id_0li1v5bnou,17.500628
id_2rkm63c28h,19.069939
id_u4ue41ptfe,13.205974
id_hqm9ncx8e0,11.447622
id_nm7ygb4b3l,15.681936
id_jh45q5uczs,15.925403
id_8wae60vl8s,13.868142
id_oew1wkaotf,11.679644
id_2blz0nu3gr,12.454258
id_8561e57ms1,21.413488
id_6l2yazaml7,20.93086
id_u8x5imye5i,21.997341
id_3n4fcuig6s,8.11765
id_63yqksu7g8,24.630646
id_vr7oawtyr7,12.218619
id_hucimtkqcs,16.854185
id_en1o2lrl13,23.571495
id_7unrf37lps,10.80987
id_airjz9ye97,18.246836
id_scnvuwxqzg,28.003841
id_e660aintu0,19.947742
id_xp5zllo7bm,17.597084
id_9vmhojq424,16.81294
id_1qhlpx2pcm,18.030584
id_qedyi4kq32,10.686336
id_vyxdm338eq,11.468852
id_g2ct966v3a,15.171022
id_npft5kn5zd,14.2457
id_d9roa39323,14.06844
id_7jxotkoa6i,17.517506
id_io83k3isds,20.779697
id_0phnbrqgvq,10.941165
id_8fhskk4v0o,21.20501
id_jmark42lrd,15.557718
id_4uoyxutrk9,17.25848
id_z3ne71faqd,21.882341
id_3lsi6od9kk,14.745835
id_wnmtya2xe4,11.101745
id_kxpxubm2ks,13.534157
id_jr62xr6pn0,14.301341
id_i1ndfhbqh8,11.680706
id_xbzzfn775f,11.219637
id_2jgxgek3pp,13.087705
id_cz0j93tjn1,20.1545
id_ibjyuosq7h,16.752205
id_qdj44e8qxy,15.285488
id_pr6ybzbo04,14.885867
id_6is3wqphrp,10.040535
id_a19c8qy624,13.963265
id_fccl3r4vhn,13.947758
id_lpadx9ljyn,13.838432
id_yrlxid7w5f,13.159138
id_iyelznc712,13.820314
id_d4zyhlrp7i,15.548964
id_yamlzhxpzl,13.688552
id_69z3k5udxl,7.852586
id_250ilall7a,3.245137
id_5oh31qlbqd,13.523888
id_g0pt3qxex9,14.8804655
id_wecofpgirx,13.218089
id_srbbfyzb4y,12.508273
id_9dwlszpc6f,9.5338
id_rx1c8t309y,12.369906
id_ihc33303cp,14.016691
id_efyw9jlc2d,13.3141775
id_r4qda17kgf,14.647465
id_ztkiuvq97m,12.736477
id_57vj6lphyj,15.874723
id_1a219llt0x,14.241906
id_7dum8n5jfs,13.587351
id_mprnfw8jby,13.473929
id_4kwyl8vwk1,21.46702
id_hkd5b8lkry,19.37462
id_ugse3zoarv,26.597372
id_2mihn0ik0d,6.461109
id_eq3nj1bw4i,12.1417465
id_eztbfv2vvq,14.2035885
id_j822qt24o8,18.672443
id_nyc1n6dupk,11.716907
id_5rfy4jo9id,11.954298
id_z30ciw3guv,47.437176
id_cikel8zc0d,28.00058
id_pn6ira1t7j,14.248459
id_etyxjytmkl,15.930436
id_vk4ybuoyry,21.171337
id_qm010ay0yb,20.547712
id_ufglp9d8e6,15.837029
id_vfxihvxog9,10.227156
id_gx87k11mh3,17.851156
id_5yblexf7zp,14.192056
id_c9cycuvetl,58.345028
id_8xu1ardxni,34.784912
id_aumy97t1iu,32.23748
id_cv1dq53hzh,55.173378
